case,id,mean_tumor_flair,mean_tumor_t1,mean_tumor_t1ce,mean_tumor_t2,mean_brainrest_flair,mean_brainrest_t1,mean_brainrest_t1ce,mean_brainrest_t2
BraTS20_Training_001,001,0.7286242842674255,0.444259911775589,0.3740098774433136,0.5882828235626221,0.3089865744113922,0.6099030375480652,0.42068105936050415,0.24557434022426605
BraTS20_Training_002,002,0.8107050061225891,0.2990151047706604,0.2100054919719696,0.689098596572876,0.37325501441955566,0.5850609540939331,0.3762897551059723,0.32238486409187317
BraTS20_Training_003,003,0.9357216358184814,0.6969806551933289,0.5112852454185486,0.31158754229545593,0.6037611365318298,0.5900536179542542,0.4184611141681671,0.2412816882133484
BraTS20_Training_004,004,0.7543725371360779,0.3947950005531311,0.3490539491176605,0.6325650215148926,0.27395400404930115,0.5818549394607544,0.4189601242542267,0.237888365983963
BraTS20_Training_005,005,0.7783198952674866,0.6427055597305298,0.5815916061401367,0.32119518518447876,0.4421474039554596,0.5586491227149963,0.33785608410835266,0.3229999840259552
BraTS20_Training_006,006,0.7563860416412354,0.6265539526939392,0.5451408624649048,0.39489415287971497,0.3040335774421692,0.574938178062439,0.4770706295967102,0.2424948811531067
BraTS20_Training_007,007,0.8348062634468079,0.5179864168167114,0.4262925982475281,0.5104545950889587,0.3942408859729767,0.5190131068229675,0.3880402147769928,0.3145363926887512
BraTS20_Training_008,008,0.9255042672157288,0.4309771656990051,0.2862142324447632,0.47602593898773193,0.5381686091423035,0.5346773862838745,0.364481657743454,0.3219735324382782
BraTS20_Training_009,009,0.6733660697937012,0.3589681386947632,0.36478108167648315,0.4598678946495056,0.2981807589530945,0.5601401329040527,0.4467298686504364,0.24251800775527954
BraTS20_Training_010,010,0.8191016912460327,0.49945956468582153,0.4047578275203705,0.38129767775535583,0.48363611102104187,0.5679926872253418,0.39888933300971985,0.2900971472263336
BraTS20_Training_011,011,0.8269983530044556,0.5101326704025269,0.36201784014701843,0.44435131549835205,0.338253915309906,0.58473140001297,0.324977308511734,0.22285307943820953
BraTS20_Training_012,012,0.8058558702468872,0.45600607991218567,0.40094107389450073,0.46542054414749146,0.3766250014305115,0.5438731908798218,0.39059898257255554,0.2637755572795868
BraTS20_Training_013,013,0.8285955190658569,0.5450475215911865,0.43301403522491455,0.5442062616348267,0.39887890219688416,0.5569188594818115,0.43011656403541565,0.27516549825668335
BraTS20_Training_014,014,0.8054714798927307,0.3865504562854767,0.40698692202568054,0.4936555325984955,0.32273808121681213,0.5853894352912903,0.42872747778892517,0.22524556517601013
BraTS20_Training_015,015,0.8335939645767212,0.5402619242668152,0.38805562257766724,0.5340824723243713,0.3555568754673004,0.5464357137680054,0.38708654046058655,0.2917535603046417
BraTS20_Training_016,016,0.7289982438087463,0.6318626403808594,0.3726457953453064,0.613513171672821,0.3475014865398407,0.5502471923828125,0.3077303171157837,0.3240070343017578
BraTS20_Training_017,017,0.8250662088394165,0.505037248134613,0.3137185871601105,0.5937924385070801,0.3216908872127533,0.5874537229537964,0.36238735914230347,0.2985348105430603
BraTS20_Training_018,018,0.8696058988571167,0.6175224184989929,0.39563918113708496,0.439566969871521,0.46312206983566284,0.5735791325569153,0.369191974401474,0.2958812415599823
BraTS20_Training_019,019,0.8111757040023804,0.4937041699886322,0.3978866636753082,0.5614883303642273,0.34737417101860046,0.5852082371711731,0.3747981786727905,0.3058598041534424
BraTS20_Training_020,020,0.7442004680633545,0.4068942964076996,0.3993243873119354,0.47048190236091614,0.32357504963874817,0.5573031306266785,0.4416801631450653,0.267688512802124
BraTS20_Training_021,021,0.8043855428695679,0.7007175087928772,0.4722767770290375,0.2925369441509247,0.4775753915309906,0.5936114192008972,0.38967108726501465,0.2569566071033478
BraTS20_Training_022,022,0.8152632713317871,0.4736073315143585,0.3401784598827362,0.4541977643966675,0.31807076930999756,0.6020022630691528,0.3091087341308594,0.1763867735862732
BraTS20_Training_023,023,0.824013888835907,0.7625805735588074,0.47110041975975037,0.30498793721199036,0.4519954323768616,0.6222274303436279,0.34020334482192993,0.24074111878871918
BraTS20_Training_024,024,0.7564535140991211,0.5014704465866089,0.3204687237739563,0.5509192943572998,0.338077574968338,0.5639299154281616,0.31179386377334595,0.30891287326812744
BraTS20_Training_025,025,0.7895393967628479,0.5745691657066345,0.4174855351448059,0.5744938850402832,0.3161599934101105,0.5487727522850037,0.3164833188056946,0.24903634190559387
BraTS20_Training_026,026,0.6887741684913635,0.7330185174942017,0.31858739256858826,0.5736390352249146,0.2496640384197235,0.7835715413093567,0.3741905689239502,0.2998558580875397
BraTS20_Training_027,027,0.8679943084716797,0.5014651417732239,0.40311551094055176,0.6528165340423584,0.36610233783721924,0.5776509046554565,0.40473973751068115,0.29472458362579346
BraTS20_Training_028,028,0.8858557939529419,0.5565345287322998,0.643382728099823,0.4299166798591614,0.4351806938648224,0.5048668384552002,0.4696659445762634,0.3004833459854126
BraTS20_Training_029,029,0.8185033798217773,0.38653478026390076,0.29967454075813293,0.46432530879974365,0.3604142665863037,0.5220934748649597,0.39810338616371155,0.252681702375412
BraTS20_Training_030,030,0.8288963437080383,0.5497899055480957,0.38137587904930115,0.3409045338630676,0.4848288893699646,0.5417099595069885,0.3867463171482086,0.2832682728767395
BraTS20_Training_031,031,0.8157723546028137,0.5718644261360168,0.5551446676254272,0.4552050828933716,0.35622453689575195,0.534151554107666,0.4551442563533783,0.24713493883609772
BraTS20_Training_032,032,0.8898606896400452,0.5533608198165894,0.6072635054588318,0.4081580638885498,0.4728105068206787,0.5090023875236511,0.45485585927963257,0.31172803044319153
BraTS20_Training_033,033,0.8043885231018066,0.38397154211997986,0.2698894739151001,0.6450545787811279,0.27505555748939514,0.5233684778213501,0.31967422366142273,0.30615654587745667
BraTS20_Training_034,034,0.7427549958229065,0.5314392447471619,0.5234749913215637,0.5402011871337891,0.2809014618396759,0.5452584624290466,0.4937840402126312,0.26680001616477966
BraTS20_Training_035,035,0.7250044941902161,0.5583606362342834,0.4690288305282593,0.39499637484550476,0.2987535297870636,0.537325918674469,0.3607422113418579,0.30214452743530273
BraTS20_Training_036,036,0.8712490200996399,0.586057722568512,0.4015413820743561,0.35575854778289795,0.393379271030426,0.5339952707290649,0.28612375259399414,0.262495219707489
BraTS20_Training_037,037,0.7227529287338257,0.44349658489227295,0.24550087749958038,0.4948371946811676,0.3495417833328247,0.5641650557518005,0.30573251843452454,0.33286505937576294
BraTS20_Training_038,038,0.7353843450546265,0.6161842346191406,0.42545148730278015,0.3860425055027008,0.29161807894706726,0.5208393931388855,0.3313797414302826,0.32035088539123535
BraTS20_Training_039,039,0.8170169591903687,0.579548180103302,0.37427249550819397,0.45423781871795654,0.3858480751514435,0.6360481977462769,0.3250734210014343,0.204299658536911
BraTS20_Training_040,040,0.7860179543495178,0.5459696650505066,0.308128297328949,0.45073944330215454,0.32547804713249207,0.5655916929244995,0.29085856676101685,0.22413332760334015
BraTS20_Training_041,041,0.7877681851387024,0.45698314905166626,0.3058609962463379,0.42983946204185486,0.30400320887565613,0.558725118637085,0.295500785112381,0.23517633974552155
BraTS20_Training_042,042,0.7427252531051636,0.6278133392333984,0.3389096260070801,0.4795013964176178,0.2809985280036926,0.5707114934921265,0.26739153265953064,0.24898356199264526
BraTS20_Training_043,043,0.8086424469947815,0.4406314492225647,0.26598674058914185,0.3237474858760834,0.4681358337402344,0.602243959903717,0.3350670039653778,0.2233906388282776
BraTS20_Training_044,044,0.8448354601860046,0.5856828093528748,0.27682048082351685,0.3004092276096344,0.49134400486946106,0.5933135151863098,0.2695460915565491,0.21776187419891357
BraTS20_Training_045,045,0.8051954507827759,0.48209241032600403,0.42273110151290894,0.40030714869499207,0.3504970073699951,0.538218080997467,0.2548052668571472,0.27186766266822815
BraTS20_Training_046,046,0.7570440769195557,0.6389947533607483,0.24791458249092102,0.28637582063674927,0.5105239152908325,0.6583582758903503,0.28094011545181274,0.2535567879676819
BraTS20_Training_047,047,0.7123239040374756,0.5723181962966919,0.4105786383152008,0.33312085270881653,0.3142143487930298,0.5420512557029724,0.3317255675792694,0.21457548439502716
BraTS20_Training_048,048,0.8128247857093811,0.438215047121048,0.2874801754951477,0.3111966848373413,0.4715140163898468,0.5382168889045715,0.34969496726989746,0.21681815385818481
BraTS20_Training_049,049,0.8158878684043884,0.6137105226516724,0.41819900274276733,0.49583324790000916,0.3327549695968628,0.5367119908332825,0.372161865234375,0.3057226836681366
BraTS20_Training_050,050,0.7142376899719238,0.5582771301269531,0.42653706669807434,0.4154066741466522,0.3021951913833618,0.5768366456031799,0.3029669225215912,0.265929251909256
BraTS20_Training_051,051,0.8279140591621399,0.4787732660770416,0.2958090305328369,0.4375336468219757,0.31518879532814026,0.5617173314094543,0.3236570954322815,0.22002147138118744
BraTS20_Training_052,052,0.8482505679130554,0.5673739910125732,0.4049004018306732,0.4302172362804413,0.33302152156829834,0.5182304382324219,0.3132353723049164,0.2656302750110626
BraTS20_Training_053,053,0.8120287656784058,0.4431435763835907,0.2398591786623001,0.5565392374992371,0.3416699171066284,0.5675525665283203,0.3180055618286133,0.20379045605659485
BraTS20_Training_054,054,0.7003760933876038,0.5217500925064087,0.41649723052978516,0.33390486240386963,0.3235967457294464,0.5462475419044495,0.2665512263774872,0.2236553281545639
BraTS20_Training_055,055,0.8616420030593872,0.4809167981147766,0.267916202545166,0.4766487181186676,0.4033012092113495,0.5837416052818298,0.2961222231388092,0.2300475686788559
BraTS20_Training_056,056,0.8390611410140991,0.6445618271827698,0.48562905192375183,0.38222575187683105,0.5470090508460999,0.5417531132698059,0.3022305369377136,0.29440346360206604
BraTS20_Training_057,057,0.7451855540275574,0.6540576815605164,0.4403402805328369,0.6481437087059021,0.28015097975730896,0.5674067735671997,0.4121195077896118,0.3050452470779419
BraTS20_Training_058,058,0.7245624661445618,0.625407338142395,0.5069093704223633,0.32349103689193726,0.3936619460582733,0.5451549291610718,0.45083510875701904,0.26770204305648804
BraTS20_Training_059,059,0.8673309683799744,0.47799167037010193,0.3433851897716522,0.4157370626926422,0.49706777930259705,0.6027145385742188,0.39199864864349365,0.2480776309967041
BraTS20_Training_060,060,0.7655981779098511,0.48202478885650635,0.37766996026039124,0.491698294878006,0.3329298198223114,0.5778151750564575,0.40223294496536255,0.2178712636232376
BraTS20_Training_061,061,0.9359394311904907,0.6888786554336548,0.49012672901153564,0.6269411444664001,0.5028980374336243,0.5760064721107483,0.3540489673614502,0.27174705266952515
BraTS20_Training_062,062,0.7509155869483948,0.4625742435455322,0.36692509055137634,0.5082409977912903,0.3027627766132355,0.6034371256828308,0.3277197778224945,0.27447059750556946
BraTS20_Training_063,063,0.9116477370262146,0.5082342624664307,0.45221251249313354,0.4341496527194977,0.5002769827842712,0.5789310932159424,0.41085946559906006,0.28361639380455017
BraTS20_Training_064,064,0.7296815514564514,0.40511149168014526,0.3978136479854584,0.5041800141334534,0.317525714635849,0.5899427533149719,0.3498602509498596,0.25294360518455505
BraTS20_Training_065,065,0.9526891112327576,0.46601608395576477,0.4266435503959656,0.6264041066169739,0.541073739528656,0.6163141131401062,0.4881834089756012,0.2549661695957184
BraTS20_Training_066,066,0.8289278745651245,0.5268588066101074,0.3924817740917206,0.45975539088249207,0.38724493980407715,0.5795831084251404,0.4133056700229645,0.2805826663970947
BraTS20_Training_067,067,0.7938018441200256,0.531989574432373,0.4862474203109741,0.5176509022712708,0.3138000965118408,0.5758155584335327,0.38892966508865356,0.29050928354263306
BraTS20_Training_068,068,0.8431740999221802,0.5095489621162415,0.3919296860694885,0.5329366326332092,0.3591759502887726,0.5729361176490784,0.3748229742050171,0.30618390440940857
BraTS20_Training_069,069,0.7416307330131531,0.6569763422012329,0.390828400850296,0.4383993446826935,0.3612222671508789,0.6063767671585083,0.3737441599369049,0.2587949335575104
BraTS20_Training_070,070,0.8068785667419434,0.5330708026885986,0.392995148897171,0.5169656872749329,0.48787838220596313,0.5958712100982666,0.37190377712249756,0.3655228316783905
BraTS20_Training_071,071,0.7819001078605652,0.5119478702545166,0.3054664134979248,0.6534584760665894,0.3327179253101349,0.6392078995704651,0.40208396315574646,0.32559388875961304
BraTS20_Training_072,072,0.8633890151977539,0.6922005414962769,0.5009995698928833,0.4094884693622589,0.5083271265029907,0.5779358148574829,0.34162741899490356,0.3246766924858093
BraTS20_Training_073,073,0.8140732645988464,0.6932299137115479,0.4306807518005371,0.46729204058647156,0.3334188759326935,0.5609870553016663,0.33746337890625,0.27038946747779846
BraTS20_Training_074,074,0.5690277218818665,0.6565431356430054,0.34118854999542236,0.39355596899986267,0.31022873520851135,0.545417845249176,0.30553874373435974,0.33688902854919434
BraTS20_Training_075,075,0.5570282936096191,0.5318666696548462,0.5014833211898804,0.5282170176506042,0.1673874408006668,0.574463427066803,0.4762159585952759,0.21728412806987762
BraTS20_Training_076,076,0.7957348823547363,0.570160984992981,0.3803117573261261,0.47581812739372253,0.3612426519393921,0.5994175672531128,0.3425142467021942,0.2812469005584717
BraTS20_Training_077,077,0.8281714916229248,0.4902556538581848,0.37375709414482117,0.5861186981201172,0.3180100619792938,0.5462827086448669,0.3545096218585968,0.2957415282726288
BraTS20_Training_078,078,0.8477914333343506,0.468284010887146,0.2958073318004608,0.35108548402786255,0.4160933792591095,0.5506013631820679,0.2949422299861908,0.27635282278060913
BraTS20_Training_079,079,0.8193789124488831,0.5777743458747864,0.6108758449554443,0.25416508316993713,0.5055741667747498,0.5733693838119507,0.4326787292957306,0.265228807926178
BraTS20_Training_080,080,0.8115947842597961,0.3609715402126312,0.31514933705329895,0.5170321464538574,0.3803337812423706,0.5371439456939697,0.3597301244735718,0.31617680191993713
BraTS20_Training_081,081,0.8673050403594971,0.6141390204429626,0.4250226318836212,0.5488412976264954,0.4048381447792053,0.616862416267395,0.3809039890766144,0.3685363531112671
BraTS20_Training_082,082,0.8658525347709656,0.4509069323539734,0.46802452206611633,0.6235518455505371,0.44209024310112,0.6060085892677307,0.42859789729118347,0.34257376194000244
BraTS20_Training_083,083,0.8386732339859009,0.4917745888233185,0.41679659485816956,0.6579881906509399,0.2798633575439453,0.5713000297546387,0.4787110388278961,0.2570541203022003
BraTS20_Training_084,084,0.8037965893745422,0.5227572917938232,0.42698007822036743,0.4584093689918518,0.3383327126502991,0.5973649621009827,0.27191436290740967,0.22572393715381622
BraTS20_Training_085,085,0.8536501526832581,0.6008663773536682,0.4403308928012848,0.36186590790748596,0.42896294593811035,0.5858306288719177,0.3310655355453491,0.2210298329591751
BraTS20_Training_086,086,0.8131338953971863,0.5312491655349731,0.31617462635040283,0.29565852880477905,0.500824511051178,0.5678821206092834,0.34387242794036865,0.24351264536380768
BraTS20_Training_087,087,0.7497888207435608,0.41787174344062805,0.33250755071640015,0.2360246330499649,0.5714327096939087,0.5226272344589233,0.32883331179618835,0.25337421894073486
BraTS20_Training_088,088,0.795478880405426,0.5138720273971558,0.43440866470336914,0.28794747591018677,0.44853079319000244,0.5235060453414917,0.3550715148448944,0.2800247371196747
BraTS20_Training_089,089,0.8431936502456665,0.45201194286346436,0.3572811186313629,0.6033114194869995,0.49767234921455383,0.5452728271484375,0.3853301703929901,0.332012802362442
BraTS20_Training_090,090,0.8305150270462036,0.4466579854488373,0.39872413873672485,0.5210553407669067,0.3098420798778534,0.5818241834640503,0.2823341190814972,0.2249584048986435
BraTS20_Training_091,091,0.7531068325042725,0.48736894130706787,0.2929351329803467,0.5187473297119141,0.3161468803882599,0.5848180055618286,0.32911351323127747,0.2335095852613449
BraTS20_Training_092,092,0.8002545237541199,0.5401024222373962,0.5255065560340881,0.4215151369571686,0.3464033007621765,0.5407513380050659,0.2924177944660187,0.2868292033672333
BraTS20_Training_093,093,0.7741734981536865,0.35269537568092346,0.2717420756816864,0.5672268271446228,0.27049508690834045,0.5586169362068176,0.2870633602142334,0.25203388929367065
BraTS20_Training_094,094,0.9243254661560059,0.6627741456031799,0.4762623608112335,0.3309515714645386,0.5246348977088928,0.5983708500862122,0.44443851709365845,0.20561018586158752
BraTS20_Training_095,095,0.8236209154129028,0.5944823622703552,0.45684099197387695,0.46552804112434387,0.3456003665924072,0.588684618473053,0.3994704782962799,0.3056912422180176
BraTS20_Training_096,096,0.7990787029266357,0.5969721078872681,0.49831125140190125,0.5019657015800476,0.32736486196517944,0.5891155004501343,0.35869917273521423,0.32927370071411133
BraTS20_Training_097,097,0.6717506051063538,0.5721383690834045,0.5230854749679565,0.45813649892807007,0.2845057249069214,0.5301347970962524,0.34709349274635315,0.3321644365787506
BraTS20_Training_098,098,0.8310853838920593,0.4434497058391571,0.28405916690826416,0.6713427901268005,0.3111565113067627,0.5813152194023132,0.3247961699962616,0.3175043761730194
BraTS20_Training_099,099,0.9391055703163147,0.5072430372238159,0.3719564378261566,0.4631512761116028,0.5461663603782654,0.5840052366256714,0.3089362680912018,0.32000845670700073
BraTS20_Training_100,100,0.7032616138458252,0.6041100025177002,0.3609899580478668,0.5366075038909912,0.28103262186050415,0.6257163882255554,0.3318684697151184,0.34283363819122314
BraTS20_Training_101,101,0.7887935638427734,0.4794035851955414,0.34851932525634766,0.5077059864997864,0.3086017966270447,0.563826858997345,0.327565997838974,0.3114437460899353
BraTS20_Training_102,102,0.8976714015007019,0.6061791777610779,0.34215497970581055,0.3630093038082123,0.5220909118652344,0.5649479031562805,0.286325603723526,0.2525503635406494
BraTS20_Training_103,103,0.8466487526893616,0.5835859775543213,0.5256386995315552,0.374495267868042,0.40011048316955566,0.5352209210395813,0.2890563905239105,0.30406707525253296
BraTS20_Training_104,104,0.7348940968513489,0.4827229380607605,0.30710625648498535,0.5448936820030212,0.24662968516349792,0.5610688924789429,0.27132654190063477,0.26468735933303833
BraTS20_Training_105,105,0.87543785572052,0.4076824486255646,0.3393455147743225,0.4032328724861145,0.4493257701396942,0.5980145931243896,0.31652259826660156,0.24119727313518524
BraTS20_Training_106,106,0.7427990436553955,0.7335026264190674,0.4401129484176636,0.3720873296260834,0.3207431733608246,0.5672990083694458,0.3002322018146515,0.25190216302871704
BraTS20_Training_107,107,0.8809600472450256,0.6562859416007996,0.4209439754486084,0.3766905963420868,0.40931278467178345,0.635414719581604,0.2967921793460846,0.20078898966312408
BraTS20_Training_108,108,0.9399386644363403,0.500529408454895,0.4696507453918457,0.5475381016731262,0.4126785695552826,0.5546579957008362,0.25898978114128113,0.29826581478118896
BraTS20_Training_109,109,0.7445640563964844,0.673550009727478,0.40351343154907227,0.4386555254459381,0.3334110677242279,0.6014068722724915,0.32170534133911133,0.30420613288879395
BraTS20_Training_110,110,0.9064398407936096,0.676483154296875,0.3874785304069519,0.26961010694503784,0.5642266869544983,0.5785443186759949,0.2947259545326233,0.25087770819664
BraTS20_Training_111,111,0.8192828297615051,0.4924056828022003,0.39332976937294006,0.5016160607337952,0.3307523727416992,0.5842384696006775,0.311087965965271,0.24113024771213531
BraTS20_Training_112,112,0.7673431634902954,0.40153729915618896,0.29900306463241577,0.5508222579956055,0.3038237690925598,0.5770637392997742,0.2532672584056854,0.2950829267501831
BraTS20_Training_113,113,0.8274233341217041,0.43458256125450134,0.19399601221084595,0.5546582341194153,0.33636048436164856,0.5788251161575317,0.27303311228752136,0.2680438458919525
BraTS20_Training_114,114,0.741686224937439,0.5356458425521851,0.3678547441959381,0.5195803046226501,0.23997420072555542,0.5823901295661926,0.3308086097240448,0.2254033386707306
BraTS20_Training_115,115,0.8070344924926758,0.5149655938148499,0.26660922169685364,0.45643311738967896,0.3187025189399719,0.5588107705116272,0.2754769027233124,0.2977531850337982
BraTS20_Training_116,116,0.7754014730453491,0.4470956325531006,0.32876336574554443,0.43135955929756165,0.3166419267654419,0.5950059294700623,0.3495481312274933,0.22014553844928741
BraTS20_Training_117,117,0.8064361810684204,0.49308449029922485,0.30622196197509766,0.47518035769462585,0.29763326048851013,0.5530537366867065,0.3084712624549866,0.28185462951660156
BraTS20_Training_118,118,0.8209326267242432,0.6031554341316223,0.4214945435523987,0.449983149766922,0.3367626667022705,0.5726887583732605,0.35804450511932373,0.3238890469074249
BraTS20_Training_119,119,0.878427267074585,0.5102301836013794,0.28343483805656433,0.5561134815216064,0.45169785618782043,0.6399074196815491,0.32047760486602783,0.31260454654693604
BraTS20_Training_120,120,0.8087221384048462,0.5195418000221252,0.32377809286117554,0.46207714080810547,0.3245350122451782,0.615349531173706,0.36894845962524414,0.22103363275527954
BraTS20_Training_121,121,0.8002812266349792,0.5687463879585266,0.28517189621925354,0.6191012263298035,0.27800092101097107,0.5978162288665771,0.2769576609134674,0.27026161551475525
BraTS20_Training_122,122,0.9065731167793274,0.5181209444999695,0.3528496325016022,0.537701427936554,0.42330852150917053,0.589842677116394,0.31234341859817505,0.2725277245044708
BraTS20_Training_123,123,0.7508144974708557,0.5686594843864441,0.3181080222129822,0.5885975360870361,0.3068693280220032,0.6044938564300537,0.29778778553009033,0.30270710587501526
BraTS20_Training_124,124,0.8201320171356201,0.42458072304725647,0.36493203043937683,0.637029767036438,0.453558087348938,0.5646498799324036,0.36302557587623596,0.28853437304496765
BraTS20_Training_125,125,0.6982250213623047,0.5498117208480835,0.31283462047576904,0.5313909649848938,0.23228615522384644,0.5548115968704224,0.24776360392570496,0.3432909846305847
BraTS20_Training_126,126,0.8343567252159119,0.5320693254470825,0.4189615547657013,0.45261240005493164,0.4159451723098755,0.6154680252075195,0.2669937312602997,0.27825692296028137
BraTS20_Training_127,127,0.8803933262825012,0.5694043040275574,0.3343019187450409,0.4908502399921417,0.35270369052886963,0.5385283827781677,0.2961670756340027,0.304513543844223
BraTS20_Training_128,128,0.8635537028312683,0.7230319976806641,0.3772207200527191,0.37871116399765015,0.45082545280456543,0.5550787448883057,0.30571863055229187,0.3198882043361664
BraTS20_Training_129,129,0.8836212158203125,0.5583662390708923,0.305838406085968,0.4256446659564972,0.4799221456050873,0.570013165473938,0.30670928955078125,0.2782346308231354
BraTS20_Training_130,130,0.8027434945106506,0.8420921564102173,0.6214939951896667,0.6925510764122009,0.40829965472221375,0.7249255180358887,0.5106529593467712,0.3542111814022064
BraTS20_Training_131,131,0.8750786185264587,0.7367187738418579,0.5698481798171997,0.6729425191879272,0.4672897160053253,0.6606432199478149,0.51227205991745,0.4252265691757202
BraTS20_Training_132,132,0.8550682663917542,0.7807804942131042,0.3567936420440674,0.7013142704963684,0.41629159450531006,0.7314750552177429,0.30934247374534607,0.4035659730434418
BraTS20_Training_133,133,0.8199343085289001,0.7421902418136597,0.5864086747169495,0.7247617244720459,0.46674644947052,0.7657880783081055,0.6492892503738403,0.3645043671131134
BraTS20_Training_134,134,0.6571215987205505,0.6779798865318298,0.5255250334739685,0.6553341150283813,0.5045084953308105,0.6917949318885803,0.49665674567222595,0.42606261372566223
BraTS20_Training_135,135,0.7423773407936096,0.6682472229003906,0.6282556056976318,0.6568598747253418,0.26511162519454956,0.7466140389442444,0.6440341472625732,0.3724963963031769
BraTS20_Training_136,136,0.8508369326591492,0.8099162578582764,0.5706652402877808,0.5645677447319031,0.5574591755867004,0.7517144083976746,0.426504522562027,0.4301484525203705
BraTS20_Training_137,137,0.8697681427001953,0.7699782252311707,0.4764251410961151,0.6627130508422852,0.540795624256134,0.7721198797225952,0.4161824882030487,0.3923514485359192
BraTS20_Training_138,138,0.7380492091178894,0.5893949866294861,0.5022131204605103,0.6830992698669434,0.4110531806945801,0.6266975998878479,0.5283625721931458,0.4259186387062073
BraTS20_Training_139,139,0.9392244219779968,0.8272613883018494,0.7847756743431091,0.46594396233558655,0.6290926337242126,0.7244609594345093,0.6554726362228394,0.4385368227958679
BraTS20_Training_140,140,0.8261083960533142,0.7255952954292297,0.45025092363357544,0.7093947529792786,0.4914805293083191,0.7753720283508301,0.4643138349056244,0.4088379144668579
BraTS20_Training_141,141,0.8910946846008301,0.7480590343475342,0.31634941697120667,0.4890749156475067,0.5155790448188782,0.7166056036949158,0.37964364886283875,0.39417797327041626
BraTS20_Training_142,142,0.9513552784919739,0.763001561164856,0.5439716577529907,0.5216715931892395,0.5505536198616028,0.7148213982582092,0.41387197375297546,0.4060887396335602
BraTS20_Training_143,143,0.825700581073761,0.7166771292686462,0.3980547785758972,0.60276198387146,0.540184736251831,0.7476590871810913,0.37449005246162415,0.32023948431015015
BraTS20_Training_144,144,0.8091703057289124,0.6817343235015869,0.5578098893165588,0.7469032406806946,0.471996933221817,0.7033225893974304,0.4513445496559143,0.4151797294616699
BraTS20_Training_145,145,0.8207025527954102,0.6332864165306091,0.526633083820343,0.6246219277381897,0.5045091509819031,0.6798394322395325,0.497795432806015,0.4321203827857971
BraTS20_Training_146,146,0.8118630051612854,0.7214683890342712,0.47662660479545593,0.6485562920570374,0.6053508520126343,0.6059786677360535,0.41979098320007324,0.4535410702228546
BraTS20_Training_147,147,0.753840446472168,0.6252566576004028,0.3501896858215332,0.6756689548492432,0.6089765429496765,0.6327410936355591,0.47470623254776,0.46218210458755493
BraTS20_Training_148,148,0.7177543044090271,0.6891717910766602,0.40710440278053284,0.5875517725944519,0.48555615544319153,0.5797298550605774,0.39007970690727234,0.4479995667934418
BraTS20_Training_149,149,0.7934153079986572,0.5516424179077148,0.5432498455047607,0.6222004294395447,0.5190809965133667,0.6066082119941711,0.48638492822647095,0.3927598297595978
BraTS20_Training_150,150,0.8085194230079651,0.6119876503944397,0.4682367742061615,0.4072306752204895,0.5503363013267517,0.6516368389129639,0.33148497343063354,0.24930986762046814
BraTS20_Training_151,151,0.835267186164856,0.6782670617103577,0.6759166717529297,0.4260517656803131,0.627125084400177,0.6740860342979431,0.5526341199874878,0.3046363592147827
BraTS20_Training_152,152,0.8137800693511963,0.4948676824569702,0.5434068441390991,0.4586309790611267,0.44766196608543396,0.5955436825752258,0.5235555768013,0.2036217749118805
BraTS20_Training_153,153,0.8492467999458313,0.6693651676177979,0.6598303318023682,0.44347432255744934,0.39108189940452576,0.5977481603622437,0.5858705639839172,0.25737684965133667
BraTS20_Training_154,154,0.8624430894851685,0.5759984254837036,0.6038065552711487,0.21972808241844177,0.4270101487636566,0.5828601717948914,0.5341342687606812,0.1940010040998459
BraTS20_Training_155,155,0.7783501148223877,0.667620837688446,0.40917128324508667,0.3003021478652954,0.34126725792884827,0.6222144961357117,0.3675650656223297,0.20360645651817322
BraTS20_Training_156,156,0.6983934640884399,0.5723756551742554,0.4839184582233429,0.4476868808269501,0.38927406072616577,0.5992453098297119,0.4646863043308258,0.2028382271528244
BraTS20_Training_157,157,0.8040250539779663,0.573333740234375,0.6193373799324036,0.406549334526062,0.6376572251319885,0.5728819966316223,0.42158347368240356,0.31779056787490845
BraTS20_Training_158,158,0.8999359011650085,0.6087838411331177,0.5687273144721985,0.32239973545074463,0.5697299838066101,0.6604918837547302,0.6167254447937012,0.24008023738861084
BraTS20_Training_159,159,0.9035797119140625,0.7425158023834229,0.7336760759353638,0.4117974638938904,0.5866966843605042,0.6493374705314636,0.5867722034454346,0.36750924587249756
BraTS20_Training_160,160,0.763664722442627,0.7245616912841797,0.6912279725074768,0.6488711833953857,0.355010449886322,0.6778638958930969,0.577553927898407,0.2984693646430969
BraTS20_Training_161,161,0.8826708793640137,0.797995388507843,0.6630783081054688,0.6336941123008728,0.5713518261909485,0.6808176636695862,0.558115541934967,0.4023548364639282
BraTS20_Training_162,162,0.7490622401237488,0.7040621638298035,0.5838780999183655,0.5573775768280029,0.3831501007080078,0.6226559281349182,0.4281749129295349,0.37848368287086487
BraTS20_Training_163,163,0.7631695866584778,0.7377057671546936,0.6275995373725891,0.6648746728897095,0.29838526248931885,0.6263877153396606,0.4510757625102997,0.3124261200428009
BraTS20_Training_164,164,0.7329643964767456,0.7437361478805542,0.5922135710716248,0.49267610907554626,0.39401838183403015,0.598889946937561,0.38701099157333374,0.3556729257106781
BraTS20_Training_165,165,0.7809796333312988,0.6078261137008667,0.5059763789176941,0.6237168908119202,0.3521920144557953,0.5910273194313049,0.4441637694835663,0.3695089817047119
BraTS20_Training_166,166,0.7155274748802185,0.6364346742630005,0.5062453150749207,0.5824008584022522,0.3570251166820526,0.6683312654495239,0.4314795732498169,0.28313273191452026
BraTS20_Training_167,167,0.8418539762496948,0.7029216885566711,0.6407164931297302,0.4391650855541229,0.5056431293487549,0.6790614128112793,0.5228317379951477,0.2962368428707123
BraTS20_Training_168,168,0.8158513903617859,0.6693065762519836,0.6675846576690674,0.589788019657135,0.47903767228126526,0.5808329582214355,0.41411498188972473,0.3409569263458252
BraTS20_Training_169,169,0.8333823680877686,0.6213405728340149,0.6761379837989807,0.6380223035812378,0.4739391803741455,0.6028134822845459,0.42909225821495056,0.39678439497947693
BraTS20_Training_170,170,0.8031178712844849,0.6226411461830139,0.5768126249313354,0.6966392993927002,0.41517558693885803,0.6155725121498108,0.5474380254745483,0.44256269931793213
BraTS20_Training_171,171,0.8767464756965637,0.7169936895370483,0.4755444824695587,0.6163034439086914,0.6439098119735718,0.6961451768875122,0.5856331586837769,0.3980150520801544
BraTS20_Training_172,172,0.8951652646064758,0.6802297234535217,0.6113591194152832,0.5319187045097351,0.607602059841156,0.6852743029594421,0.5828138589859009,0.3903677463531494
BraTS20_Training_173,173,0.7630726099014282,0.6341325044631958,0.5014917850494385,0.547220766544342,0.5450262427330017,0.6469162106513977,0.5342448353767395,0.3598688840866089
BraTS20_Training_174,174,0.7806739211082458,0.6800379157066345,0.5626085996627808,0.685141384601593,0.31506258249282837,0.6356964111328125,0.44918256998062134,0.3843918740749359
BraTS20_Training_175,175,0.8040246963500977,0.7334255576133728,0.6956412196159363,0.5573694109916687,0.4411880075931549,0.6675817966461182,0.4817141592502594,0.30071258544921875
BraTS20_Training_176,176,0.8448420763015747,0.5235509276390076,0.41896378993988037,0.6677631139755249,0.6131022572517395,0.6320422291755676,0.5256341099739075,0.4781090021133423
BraTS20_Training_177,177,0.9204784631729126,0.7374815940856934,0.574931263923645,0.45758315920829773,0.6176213026046753,0.6574037671089172,0.5018965005874634,0.3609398603439331
BraTS20_Training_178,178,0.7260206937789917,0.7222980260848999,0.6807615756988525,0.5319951772689819,0.34717369079589844,0.6693848371505737,0.4599604606628418,0.3066628575325012
BraTS20_Training_179,179,0.7028393745422363,0.7015554308891296,0.6469435095787048,0.6683325171470642,0.26492029428482056,0.49609100818634033,0.3637811243534088,0.3437398076057434
BraTS20_Training_180,180,0.8031762838363647,0.6473053693771362,0.49153760075569153,0.6518716812133789,0.34840282797813416,0.5943149924278259,0.25885340571403503,0.3804000914096832
BraTS20_Training_181,181,0.8912801742553711,0.6481072306632996,0.5899989604949951,0.4461815655231476,0.5407721996307373,0.6206132769584656,0.4865547716617584,0.35090747475624084
BraTS20_Training_182,182,0.8611510396003723,0.6302415132522583,0.5855430364608765,0.5163589119911194,0.4322938323020935,0.491819828748703,0.4230956733226776,0.31636321544647217
BraTS20_Training_183,183,0.7313944697380066,0.6953168511390686,0.505604088306427,0.7009153962135315,0.3167080879211426,0.6935856342315674,0.4231599271297455,0.38201913237571716
BraTS20_Training_184,184,0.8133464455604553,0.5213106870651245,0.4582335650920868,0.5685586929321289,0.5875333547592163,0.615865170955658,0.46260276436805725,0.42193639278411865
BraTS20_Training_185,185,0.8622081279754639,0.5081602931022644,0.5753387808799744,0.5097404718399048,0.5981969237327576,0.5525057315826416,0.4375564455986023,0.3926362693309784
BraTS20_Training_186,186,0.756281316280365,0.6931749582290649,0.5604742169380188,0.6182519793510437,0.34948599338531494,0.6416071057319641,0.3864961564540863,0.39587655663490295
BraTS20_Training_187,187,0.6602297425270081,0.8393620848655701,0.6955642700195312,0.6597275137901306,0.29281508922576904,0.6661593914031982,0.5029299855232239,0.4235190153121948
BraTS20_Training_188,188,0.8817940354347229,0.7987033724784851,0.723082959651947,0.36499592661857605,0.6387404799461365,0.6883166432380676,0.6209912300109863,0.32428815960884094
BraTS20_Training_189,189,0.7025915384292603,0.623691737651825,0.4913123548030853,0.6602635979652405,0.27360284328460693,0.6804260611534119,0.4462099075317383,0.26556897163391113
BraTS20_Training_190,190,0.8314607739448547,0.5856250524520874,0.5124081373214722,0.5319334864616394,0.46028298139572144,0.5583103895187378,0.39934444427490234,0.42753320932388306
BraTS20_Training_191,191,0.7461399435997009,0.7894362807273865,0.5938317775726318,0.5352184176445007,0.39638563990592957,0.6823199987411499,0.3294924795627594,0.36688822507858276
BraTS20_Training_192,192,0.6216856837272644,0.7335585951805115,0.5541931986808777,0.5439704060554504,0.2003360390663147,0.6842253804206848,0.48620879650115967,0.21932199597358704
BraTS20_Training_193,193,0.5715494155883789,0.39598941802978516,0.3469286859035492,0.7565354704856873,0.2532491087913513,0.36226269602775574,0.3083709180355072,0.372043639421463
BraTS20_Training_194,194,0.8381398320198059,0.6049225330352783,0.4672335088253021,0.7031721472740173,0.4429892897605896,0.6539766788482666,0.3895902633666992,0.32086923718452454
BraTS20_Training_195,195,0.830504834651947,0.6145325303077698,0.5788285136222839,0.3413015305995941,0.5699975490570068,0.5977166295051575,0.4972926676273346,0.30881771445274353
BraTS20_Training_196,196,0.7262464165687561,0.735092282295227,0.47539475560188293,0.6515648365020752,0.28591853380203247,0.6429716944694519,0.362931489944458,0.3775225877761841
BraTS20_Training_197,197,0.7245373129844666,0.7835881114006042,0.5686134099960327,0.763481080532074,0.3165728747844696,0.7184029817581177,0.45927125215530396,0.4086204171180725
BraTS20_Training_198,198,0.6815456748008728,0.772060751914978,0.6254862546920776,0.6569379568099976,0.27905499935150146,0.7089073061943054,0.5073246955871582,0.2777886390686035
BraTS20_Training_199,199,0.7589341998100281,0.7870780229568481,0.6339001059532166,0.7681517004966736,0.3010106086730957,0.7139192819595337,0.5117449760437012,0.47979336977005005
BraTS20_Training_200,200,0.8716916441917419,0.6896659135818481,0.6305993795394897,0.6772967576980591,0.3592503070831299,0.7045485377311707,0.630541205406189,0.31195059418678284
BraTS20_Training_201,201,0.794315755367279,0.704547107219696,0.4462309181690216,0.6720736622810364,0.29229724407196045,0.6600386500358582,0.3818238377571106,0.30247992277145386
BraTS20_Training_202,202,0.8342284560203552,0.5154452323913574,0.46073949337005615,0.3890393376350403,0.6137391924858093,0.6241801977157593,0.48578304052352905,0.2562713325023651
BraTS20_Training_203,203,0.8681173324584961,0.7103899121284485,0.5782842040061951,0.4845516085624695,0.6057581305503845,0.708946704864502,0.609325647354126,0.35733261704444885
BraTS20_Training_204,204,0.836143434047699,0.7898250818252563,0.6706472039222717,0.5958062410354614,0.5277531743049622,0.6607855558395386,0.44257819652557373,0.4487920105457306
BraTS20_Training_205,205,0.879808783531189,0.5222069621086121,0.47803187370300293,0.5856733322143555,0.5391367077827454,0.5205584764480591,0.47091346979141235,0.4286919832229614
BraTS20_Training_206,206,0.90854412317276,0.5479370951652527,0.5367317795753479,0.45289134979248047,0.6557888984680176,0.6715104579925537,0.5051601529121399,0.34932565689086914
BraTS20_Training_207,207,0.7777907252311707,0.7345553040504456,0.7031714916229248,0.7103590965270996,0.4417266547679901,0.6396172046661377,0.48868528008461,0.44500669836997986
BraTS20_Training_208,208,0.8147943019866943,0.5688499212265015,0.4892151951789856,0.4774322807788849,0.6341440677642822,0.65193110704422,0.46042582392692566,0.2760080397129059
BraTS20_Training_209,209,0.833516001701355,0.6863130331039429,0.5050801634788513,0.5294408798217773,0.6864173412322998,0.7333037853240967,0.5244332551956177,0.33526304364204407
BraTS20_Training_210,210,0.7499952912330627,0.7468613982200623,0.5004371404647827,0.7174350619316101,0.2749195992946625,0.6479718685150146,0.351248562335968,0.3142167031764984
BraTS20_Training_211,211,0.8496593832969666,0.5362762212753296,0.5426201224327087,0.416653573513031,0.6167823672294617,0.6206923127174377,0.5480663180351257,0.3207818269729614
BraTS20_Training_212,212,0.7854357957839966,0.5652520656585693,0.5424237847328186,0.5410633087158203,0.5859434604644775,0.6403545141220093,0.5330262184143066,0.36871594190597534
BraTS20_Training_213,213,0.8818400502204895,0.49462229013442993,0.5689212679862976,0.3452015817165375,0.5966913104057312,0.6125243306159973,0.46692919731140137,0.25373542308807373
BraTS20_Training_214,214,0.7619251012802124,0.6909205317497253,0.42247965931892395,0.6878474950790405,0.33191928267478943,0.7311833500862122,0.39153748750686646,0.29110974073410034
BraTS20_Training_215,215,0.78499835729599,0.7016988396644592,0.6742050647735596,0.6253971457481384,0.3425379693508148,0.7268348932266235,0.6187459826469421,0.31194210052490234
BraTS20_Training_216,216,0.7656545042991638,0.704154908657074,0.4848848879337311,0.5454620718955994,0.3461684584617615,0.7243462800979614,0.4243875741958618,0.33290573954582214
BraTS20_Training_217,217,0.9237745404243469,0.6684802174568176,0.6509298086166382,0.36784374713897705,0.47844183444976807,0.6772081255912781,0.48725444078445435,0.29065150022506714
BraTS20_Training_218,218,0.7881981134414673,0.6935703754425049,0.6001182794570923,0.6143775582313538,0.34752658009529114,0.7069084048271179,0.30822908878326416,0.3569888770580292
BraTS20_Training_219,219,0.8512659072875977,0.5909624695777893,0.3743792474269867,0.5367599129676819,0.499237984418869,0.6069430112838745,0.37651947140693665,0.36386021971702576
BraTS20_Training_220,220,0.8197689056396484,0.7389476895332336,0.6835415959358215,0.4005530774593353,0.46012741327285767,0.6082710027694702,0.5498928427696228,0.3314135670661926
BraTS20_Training_221,221,0.7631641030311584,0.6381691098213196,0.4457126557826996,0.5378896594047546,0.358330100774765,0.7201997637748718,0.38347578048706055,0.2471499890089035
BraTS20_Training_222,222,0.8804382085800171,0.6870188117027283,0.6759563088417053,0.594048261642456,0.4447299540042877,0.5574293732643127,0.5358483195304871,0.37364012002944946
BraTS20_Training_223,223,0.80817711353302,0.698113203048706,0.3057255446910858,0.700290858745575,0.3159627914428711,0.7110314965248108,0.23756445944309235,0.31658437848091125
BraTS20_Training_224,224,0.7118475437164307,0.7566685676574707,0.5594558119773865,0.5797061324119568,0.2513151168823242,0.7561910152435303,0.5025257468223572,0.2269175946712494
BraTS20_Training_225,225,0.7613824009895325,0.730959951877594,0.5476497411727905,0.5936341881752014,0.3433312773704529,0.7004907131195068,0.4242355227470398,0.2417631447315216
BraTS20_Training_226,226,0.7779443264007568,0.5771583318710327,0.7594819664955139,0.5944023132324219,0.5415999889373779,0.6283156275749207,0.5065244436264038,0.26362061500549316
BraTS20_Training_227,227,0.8748559355735779,0.6388044953346252,0.6831034421920776,0.3995233178138733,0.5455797910690308,0.627988874912262,0.6494631171226501,0.30765095353126526
BraTS20_Training_228,228,0.9054805636405945,0.7642804384231567,0.6874024271965027,0.5499534010887146,0.589539647102356,0.6876821517944336,0.5750369429588318,0.40659528970718384
BraTS20_Training_229,229,0.7739176154136658,0.7297696471214294,0.640047550201416,0.6652138829231262,0.3549031913280487,0.6523724794387817,0.4347744286060333,0.3277908265590668
BraTS20_Training_230,230,0.8524193167686462,0.6150302290916443,0.4562588334083557,0.627945601940155,0.4560959041118622,0.6536427140235901,0.43251195549964905,0.386569082736969
BraTS20_Training_231,231,0.8388702869415283,0.7221019864082336,0.5603258609771729,0.5822270512580872,0.4732109606266022,0.6631693840026855,0.4491536617279053,0.3263087272644043
BraTS20_Training_232,232,0.8069140315055847,0.7749149799346924,0.7056236267089844,0.3838112950325012,0.45252862572669983,0.6440049409866333,0.49852198362350464,0.2402346283197403
BraTS20_Training_233,233,0.9081166982650757,0.7035164833068848,0.7517607808113098,0.4249429404735565,0.6652807593345642,0.6797826290130615,0.6541359424591064,0.25432053208351135
BraTS20_Training_234,234,0.7750635743141174,0.4466128349304199,0.5467433333396912,0.697991132736206,0.4751030504703522,0.6301766037940979,0.6857142448425293,0.25278329849243164
BraTS20_Training_235,235,0.7303547263145447,0.5209710001945496,0.4646647572517395,0.5816943645477295,0.33908453583717346,0.5254383683204651,0.39604851603507996,0.23829980194568634
BraTS20_Training_236,236,0.8098633289337158,0.7367369532585144,0.5883111357688904,0.5871014595031738,0.4870589077472687,0.5743917226791382,0.44886288046836853,0.5528185367584229
BraTS20_Training_237,237,0.8181859254837036,0.7654386162757874,0.5502280592918396,0.5677229166030884,0.46618926525115967,0.6830925941467285,0.5502397418022156,0.2931669056415558
BraTS20_Training_238,238,0.6791806221008301,0.8352245688438416,0.7611679434776306,0.6403538584709167,0.2243748903274536,0.562684953212738,0.38415566086769104,0.19969907402992249
BraTS20_Training_239,239,0.8264239430427551,0.6607845425605774,0.6407045125961304,0.5603439211845398,0.4837593138217926,0.5697159767150879,0.5412627458572388,0.41553667187690735
BraTS20_Training_240,240,0.7114628553390503,0.689890444278717,0.5497119426727295,0.6229442358016968,0.3984265923500061,0.6965058445930481,0.6093432307243347,0.3931126296520233
BraTS20_Training_241,241,0.7550777792930603,0.6395571231842041,0.6119806170463562,0.6895453333854675,0.37646982073783875,0.6196708679199219,0.51414954662323,0.3467881679534912
BraTS20_Training_242,242,0.9030589461326599,0.46832364797592163,0.6598934531211853,0.5628598928451538,0.49582839012145996,0.628115177154541,0.4552392363548279,0.37421849370002747
BraTS20_Training_243,243,0.8293883204460144,0.6058263182640076,0.48363184928894043,0.4016791880130768,0.4660610258579254,0.55814129114151,0.45403730869293213,0.23639023303985596
BraTS20_Training_244,244,0.7716997265815735,0.5962586998939514,0.46878764033317566,0.43511340022087097,0.40347760915756226,0.560786783695221,0.4188530743122101,0.17614588141441345
BraTS20_Training_245,245,0.49241775274276733,0.7007395029067993,0.6390706896781921,0.4514968991279602,0.21940398216247559,0.7057061195373535,0.4654303193092346,0.19195805490016937
BraTS20_Training_246,246,0.7512229681015015,0.725655734539032,0.7945815920829773,0.7635664939880371,0.49087056517601013,0.6828757524490356,0.6182113885879517,0.5641201138496399
BraTS20_Training_247,247,0.8344715237617493,0.7366873621940613,0.6465830206871033,0.4971090257167816,0.5039765238761902,0.6447975635528564,0.4764775335788727,0.3396770656108856
BraTS20_Training_248,248,0.7882795929908752,0.8224837183952332,0.7280467748641968,0.5832738876342773,0.3442719578742981,0.6170368790626526,0.49408406019210815,0.27490854263305664
BraTS20_Training_249,249,0.7996852397918701,0.7479864954948425,0.6171692609786987,0.772077202796936,0.4550018012523651,0.6881440877914429,0.47753649950027466,0.5087035298347473
BraTS20_Training_250,250,0.8588718771934509,0.7054272890090942,0.6207281947135925,0.769402801990509,0.5183090567588806,0.6329352259635925,0.6281764507293701,0.529026448726654
BraTS20_Training_251,251,0.8045968413352966,0.5217697620391846,0.5548498630523682,0.6551828384399414,0.44939184188842773,0.6649579405784607,0.5338139533996582,0.2261114865541458
BraTS20_Training_252,252,0.7785463333129883,0.4714948236942291,0.4909040927886963,0.7610799670219421,0.44708481431007385,0.6001914143562317,0.5414705276489258,0.4293714463710785
BraTS20_Training_253,253,0.9008562564849854,0.6465006470680237,0.7884993553161621,0.4072802662849426,0.5688694715499878,0.6365624666213989,0.563946008682251,0.2428390234708786
BraTS20_Training_254,254,0.8074222207069397,0.8258247971534729,0.6079496741294861,0.6096758842468262,0.46376603841781616,0.700134813785553,0.4708726406097412,0.4142448604106903
BraTS20_Training_255,255,0.8393579125404358,0.6291764378547668,0.5580540895462036,0.5971312522888184,0.45813605189323425,0.5090543031692505,0.31153225898742676,0.3344445824623108
BraTS20_Training_256,256,0.6556643843650818,0.6017546653747559,0.5555763244628906,0.5570118427276611,0.3121752142906189,0.556200385093689,0.32835304737091064,0.21717485785484314
BraTS20_Training_257,257,0.7904157042503357,0.5973888635635376,0.6222572326660156,0.6338489651679993,0.4052886366844177,0.609061598777771,0.5481097102165222,0.3494701683521271
BraTS20_Training_258,258,0.7789903283119202,0.46566611528396606,0.5034838318824768,0.6817898154258728,0.3868582546710968,0.6491956114768982,0.4944436252117157,0.3907483220100403
BraTS20_Training_259,259,0.8340095281600952,0.5715470910072327,0.4666377007961273,0.7255977392196655,0.5354365110397339,0.6186206340789795,0.5546754002571106,0.3677808940410614
BraTS20_Training_260,260,0.7795267701148987,0.6717063188552856,0.6380394697189331,0.7968099117279053,0.4529986083507538,0.6898818612098694,0.6494792699813843,0.46628838777542114
BraTS20_Training_261,261,0.8427568078041077,0.7033206224441528,0.6845065355300903,0.7470835447311401,0.2616533935070038,0.7573277354240417,0.7664450407028198,0.3997427225112915
BraTS20_Training_262,262,0.9012936949729919,0.8024958968162537,0.6313021779060364,0.7615899443626404,0.5709468722343445,0.6933518648147583,0.6394662857055664,0.5060421824455261
BraTS20_Training_263,263,0.9371258616447449,0.7602800726890564,0.4376259744167328,0.7303705811500549,0.6058844923973083,0.7427107691764832,0.5447582602500916,0.4637697637081146
BraTS20_Training_264,264,0.8923277258872986,0.625973641872406,0.46354541182518005,0.7743441462516785,0.24648752808570862,0.7318181395530701,0.6332390308380127,0.4786023199558258
BraTS20_Training_265,265,0.877942681312561,0.5219263434410095,0.39255666732788086,0.8269609212875366,0.5763598084449768,0.6583507657051086,0.508985161781311,0.40244337916374207
BraTS20_Training_266,266,0.9040330648422241,0.6031887531280518,0.5027943849563599,0.681917667388916,0.5502928495407104,0.6111391186714172,0.48817336559295654,0.42447614669799805
BraTS20_Training_267,267,0.8308342695236206,0.5162320137023926,0.4485967457294464,0.5335832238197327,0.611549973487854,0.596373975276947,0.5241654515266418,0.43675756454467773
BraTS20_Training_268,268,0.8512589335441589,0.5179247856140137,0.3976357877254486,0.4993339776992798,0.6105791926383972,0.6007301807403564,0.49902233481407166,0.41117334365844727
BraTS20_Training_269,269,0.8852632641792297,0.5757080912590027,0.4928913414478302,0.7643987536430359,0.5448546409606934,0.5658719539642334,0.5028951168060303,0.436430424451828
BraTS20_Training_270,270,0.8427667617797852,0.6250759959220886,0.544262707233429,0.46867555379867554,0.5856729745864868,0.5861834287643433,0.3499246835708618,0.30483150482177734
BraTS20_Training_271,271,0.8734574913978577,0.6772781610488892,0.6201598644256592,0.728197455406189,0.47673094272613525,0.6900795698165894,0.6095882058143616,0.3256660997867584
BraTS20_Training_272,272,0.849450945854187,0.6214901804924011,0.5752019286155701,0.796247124671936,0.4709627330303192,0.6766632795333862,0.6749075651168823,0.5374741554260254
BraTS20_Training_273,273,0.8397292494773865,0.5724418759346008,0.5852218866348267,0.7703266739845276,0.4914633333683014,0.6158983707427979,0.6560750603675842,0.5006229281425476
BraTS20_Training_274,274,0.6720126271247864,0.538787305355072,0.5112634897232056,0.4575873911380768,0.45540857315063477,0.545143187046051,0.3804904520511627,0.26540347933769226
BraTS20_Training_275,275,0.8424442410469055,0.7291942238807678,0.6942548155784607,0.35608869791030884,0.6346461772918701,0.6653396487236023,0.5758797526359558,0.3021281063556671
BraTS20_Training_276,276,0.882773220539093,0.7907096147537231,0.5723583102226257,0.4718502461910248,0.5242714285850525,0.6619669198989868,0.49931764602661133,0.24839144945144653
BraTS20_Training_277,277,0.8757619857788086,0.7136214375495911,0.4910270869731903,0.4718235433101654,0.5985426306724548,0.5762190222740173,0.5631828904151917,0.3645836412906647
BraTS20_Training_278,278,0.7835648655891418,0.7976381778717041,0.6719844937324524,0.47798845171928406,0.44655051827430725,0.6782419085502625,0.5741825103759766,0.31019502878189087
BraTS20_Training_279,279,0.543895959854126,0.4179132580757141,0.42057132720947266,0.7200160026550293,0.48509418964385986,0.6362444162368774,0.6508705019950867,0.20946462452411652
BraTS20_Training_280,280,0.8757760524749756,0.6614950895309448,0.6098357439041138,0.6127436757087708,0.47800666093826294,0.6348047852516174,0.5723175406455994,0.26760849356651306
BraTS20_Training_281,281,0.7856408953666687,0.7760065197944641,0.7185407876968384,0.6395206451416016,0.4618237018585205,0.654159665107727,0.5472805500030518,0.3938661217689514
BraTS20_Training_282,282,0.8358103036880493,0.690920352935791,0.6526875495910645,0.8260451555252075,0.35600095987319946,0.7170729041099548,0.6664360761642456,0.40218880772590637
BraTS20_Training_283,283,0.8501795530319214,0.8676312565803528,0.7671721577644348,0.7022846937179565,0.4477110803127289,0.6939013004302979,0.5943537950515747,0.5148613452911377
BraTS20_Training_284,284,0.7310330867767334,0.4992915987968445,0.35198482871055603,0.5920171737670898,0.45235490798950195,0.6873128414154053,0.6585172414779663,0.1311621367931366
BraTS20_Training_285,285,0.45762285590171814,0.5739198327064514,0.4742988646030426,0.8119612336158752,0.44057831168174744,0.6983503103256226,0.604117751121521,0.390781968832016
BraTS20_Training_286,286,0.901240885257721,0.5853480696678162,0.6226062774658203,0.4391308128833771,0.6201586723327637,0.6518113613128662,0.6504610776901245,0.3364787697792053
BraTS20_Training_287,287,0.8405793905258179,0.6065324544906616,0.7482142448425293,0.5616233348846436,0.5692338943481445,0.649684488773346,0.6071128845214844,0.3460387885570526
BraTS20_Training_288,288,0.7902437448501587,0.4462810456752777,0.45633062720298767,0.4832344353199005,0.6369735598564148,0.6144202351570129,0.5358326435089111,0.3443067669868469
BraTS20_Training_289,289,0.7571565508842468,0.6785125136375427,0.6214398145675659,0.6850042939186096,0.33798447251319885,0.7090723514556885,0.6862409114837646,0.34060510993003845
BraTS20_Training_290,290,0.6936089992523193,0.7500448822975159,0.778637170791626,0.5675263404846191,0.3027326762676239,0.6080459952354431,0.6232883930206299,0.27330535650253296
BraTS20_Training_291,291,0.6909292936325073,0.6924303770065308,0.607547402381897,0.7154578566551208,0.28461483120918274,0.6487239003181458,0.5999686121940613,0.33214977383613586
BraTS20_Training_292,292,0.8208266496658325,0.4195414185523987,0.42315641045570374,0.5967448353767395,0.6541446447372437,0.6330262422561646,0.6031243801116943,0.420795202255249
BraTS20_Training_293,293,0.7572168707847595,0.6148428916931152,0.4942358136177063,0.47184526920318604,0.5737110376358032,0.5853270888328552,0.4932345747947693,0.3103621304035187
BraTS20_Training_294,294,0.853187084197998,0.55666184425354,0.5097212195396423,0.5321446657180786,0.625461757183075,0.677898645401001,0.629382848739624,0.384297639131546
BraTS20_Training_295,295,0.9122712016105652,0.39485278725624084,0.35276105999946594,0.4786541163921356,0.5216834545135498,0.488933265209198,0.48957979679107666,0.2965530455112457
BraTS20_Training_296,296,0.8008344769477844,0.7175998091697693,0.6904072165489197,0.8283149600028992,0.37274906039237976,0.7452289462089539,0.7311200499534607,0.4649474024772644
BraTS20_Training_297,297,0.8804988861083984,0.6656631231307983,0.579845666885376,0.6092228293418884,0.6448268890380859,0.6007943153381348,0.567226767539978,0.4224525988101959
BraTS20_Training_298,298,0.9301477074623108,0.8084741234779358,0.6178838610649109,0.43650996685028076,0.617186427116394,0.7281109094619751,0.6055152416229248,0.3660180866718292
BraTS20_Training_299,299,0.6734758019447327,0.2710948586463928,0.2268465906381607,0.5283783674240112,0.5859554409980774,0.6119402050971985,0.5546185970306396,0.30443236231803894
BraTS20_Training_300,300,0.865760862827301,0.5407202839851379,0.45905250310897827,0.5090770125389099,0.6031954288482666,0.6225643754005432,0.5634897947311401,0.3478415310382843
BraTS20_Training_301,301,0.8431901931762695,0.5696508288383484,0.5102646946907043,0.5818724632263184,0.5842188000679016,0.5783827900886536,0.5433469414710999,0.37268584966659546
BraTS20_Training_302,302,0.7182839512825012,0.4268694818019867,0.39660218358039856,0.5130908489227295,0.6537811160087585,0.6558029651641846,0.6109112501144409,0.3760279715061188
BraTS20_Training_303,303,0.8414134979248047,0.4623376131057739,0.5029049515724182,0.6179372668266296,0.6634191870689392,0.6251673102378845,0.6366510391235352,0.37271830439567566
BraTS20_Training_304,304,0.9010144472122192,0.4260331392288208,0.4820404052734375,0.43410855531692505,0.6639004349708557,0.5995036363601685,0.6163413524627686,0.3332211673259735
BraTS20_Training_305,305,0.8081253170967102,0.4973120093345642,0.5507487058639526,0.6348859071731567,0.6244713068008423,0.5901392102241516,0.6155871748924255,0.39877018332481384
BraTS20_Training_306,306,0.8172630667686462,0.709478497505188,0.5221078395843506,0.4529280960559845,0.5987862944602966,0.7107717394828796,0.6004685163497925,0.2675458490848541
BraTS20_Training_307,307,0.752829372882843,0.42036527395248413,0.4695812165737152,0.5520598292350769,0.6062012910842896,0.617990255355835,0.6490837931632996,0.37647080421447754
BraTS20_Training_308,308,0.7900809645652771,0.5771241784095764,0.6193457841873169,0.4771137535572052,0.6165145039558411,0.6631636619567871,0.6817132234573364,0.3216855227947235
BraTS20_Training_309,309,0.8085606098175049,0.45524483919143677,0.49494457244873047,0.4013170897960663,0.6170195937156677,0.6152069568634033,0.6392483711242676,0.29037776589393616
BraTS20_Training_310,310,0.585220992565155,0.2997974753379822,0.23335298895835876,0.7677474021911621,0.32501593232154846,0.40432503819465637,0.348547101020813,0.549872875213623
BraTS20_Training_311,311,0.8945477604866028,0.43322789669036865,0.2067732810974121,0.42927148938179016,0.5639926195144653,0.6055260896682739,0.401454895734787,0.3962370753288269
BraTS20_Training_312,312,0.8153074383735657,0.6302396655082703,0.6471741199493408,0.565950870513916,0.4892772138118744,0.6173129677772522,0.6011000871658325,0.22671015560626984
BraTS20_Training_313,313,0.8209774494171143,0.5806597471237183,0.4850647747516632,0.7559123039245605,0.4264257550239563,0.7049627304077148,0.6649755239486694,0.33287981152534485
BraTS20_Training_314,314,0.8856005072593689,0.62401282787323,0.5882929563522339,0.5280933380126953,0.6532500386238098,0.6264364719390869,0.5829797983169556,0.36794567108154297
BraTS20_Training_315,315,0.8886815309524536,0.1941038817167282,0.16218730807304382,0.770115315914154,0.5482808351516724,0.6107683181762695,0.47299525141716003,0.3765040636062622
BraTS20_Training_316,316,0.7397334575653076,0.5172015428543091,0.32582366466522217,0.5622530579566956,0.4051286578178406,0.5454095005989075,0.3598296642303467,0.412735253572464
BraTS20_Training_317,317,0.9606589078903198,0.8090248703956604,0.7293189167976379,0.45301201939582825,0.5502011775970459,0.6271142959594727,0.5866400003433228,0.28311821818351746
BraTS20_Training_318,318,0.6913493871688843,0.5411738753318787,0.4780373275279999,0.4768780767917633,0.4735369384288788,0.7151065468788147,0.6746695041656494,0.14101843535900116
BraTS20_Training_319,319,0.7556604743003845,0.49538207054138184,0.3724783957004547,0.7577154040336609,0.5056219100952148,0.7178570628166199,0.6096062660217285,0.30253133177757263
BraTS20_Training_320,320,0.9067817330360413,0.49035441875457764,0.7355870604515076,0.40733906626701355,0.6003244519233704,0.5529643297195435,0.6001337766647339,0.3300865590572357
BraTS20_Training_321,321,0.8607454895973206,0.3741641342639923,0.20872272551059723,0.5697812438011169,0.5025515556335449,0.6084141731262207,0.5008640885353088,0.33702102303504944
BraTS20_Training_322,322,0.8581621646881104,0.4278116822242737,0.36895039677619934,0.7826452851295471,0.5035637617111206,0.6771911978721619,0.6209403872489929,0.2660260796546936
BraTS20_Training_323,323,0.7060689926147461,0.5108712315559387,0.38360923528671265,0.5125144124031067,0.3915429413318634,0.6221826672554016,0.5623577833175659,0.36750930547714233
BraTS20_Training_324,324,0.8484493494033813,0.8401902914047241,0.41722309589385986,0.44324833154678345,0.4551778733730316,0.7252589464187622,0.4474475383758545,0.37771669030189514
BraTS20_Training_325,325,0.8837149143218994,0.7681853175163269,0.3214986324310303,0.6942229866981506,0.5603042840957642,0.6971743702888489,0.38759762048721313,0.4995320439338684
BraTS20_Training_326,326,0.7265493869781494,0.792888343334198,0.4461215138435364,0.8060553669929504,0.38371941447257996,0.7300153970718384,0.4984292685985565,0.5049317479133606
BraTS20_Training_327,327,0.7152681946754456,0.6926692724227905,0.36308953166007996,0.8255446553230286,0.40422049164772034,0.7521434426307678,0.5785156488418579,0.6324089765548706
BraTS20_Training_328,328,0.7952920198440552,0.798237144947052,0.37958505749702454,0.751388430595398,0.3762088119983673,0.6477031707763672,0.46215856075286865,0.48353859782218933
BraTS20_Training_329,329,0.8227141499519348,0.5952624082565308,0.41729995608329773,0.7182957530021667,0.5565771460533142,0.6747358441352844,0.49188825488090515,0.5021392107009888
BraTS20_Training_330,330,0.8574145436286926,0.7177087664604187,0.3520343005657196,0.7471233010292053,0.40124309062957764,0.7247537970542908,0.4871036410331726,0.37043219804763794
BraTS20_Training_331,331,0.9027712345123291,0.7581031918525696,0.4333575665950775,0.7731269598007202,0.40932607650756836,0.7393715977668762,0.5852836966514587,0.4379923343658447
BraTS20_Training_332,332,0.9011233448982239,0.7029536962509155,0.3156958520412445,0.6264336705207825,0.4454345405101776,0.6960071325302124,0.445812851190567,0.34079375863075256
BraTS20_Training_333,333,0.8220041394233704,0.7415185570716858,0.35638126730918884,0.5998520255088806,0.3438582420349121,0.7148547172546387,0.4947597086429596,0.32442933320999146
BraTS20_Training_334,334,0.8002928495407104,0.8126787543296814,0.4125596284866333,0.6058814525604248,0.3781317174434662,0.7357267141342163,0.4565548896789551,0.36127015948295593
BraTS20_Training_335,335,0.7976379990577698,0.5125623941421509,0.342242568731308,0.5903146266937256,0.5304705500602722,0.6177854537963867,0.4287496507167816,0.37236353754997253
BraTS20_Training_336,336,0.7647881507873535,0.42508170008659363,0.36196237802505493,0.5871228575706482,0.4824141263961792,0.5619485974311829,0.39152076840400696,0.3302827477455139
BraTS20_Training_337,337,0.7989658713340759,0.4431239664554596,0.33660632371902466,0.5672131776809692,0.49245771765708923,0.5898498296737671,0.3846072256565094,0.33649805188179016
BraTS20_Training_338,338,0.7639309167861938,0.6363670229911804,0.4805622398853302,0.4486784040927887,0.4591599404811859,0.6068129539489746,0.3961122930049896,0.2578335702419281
BraTS20_Training_339,339,0.7354296445846558,0.5710888504981995,0.37143129110336304,0.49424266815185547,0.4692144989967346,0.5712088346481323,0.3388413190841675,0.3506128489971161
BraTS20_Training_340,340,0.8855361342430115,0.6530105471611023,0.6128758788108826,0.566627025604248,0.5910000801086426,0.6568226218223572,0.5064659118652344,0.42551639676094055
BraTS20_Training_341,341,0.9462192058563232,0.6286414861679077,0.7902973294258118,0.481304794549942,0.6715050935745239,0.6341199278831482,0.5696609020233154,0.35958653688430786
BraTS20_Training_342,342,0.7276783585548401,0.6673890352249146,0.5139524936676025,0.5408803820610046,0.4982685446739197,0.584023654460907,0.3973572850227356,0.40981486439704895
BraTS20_Training_343,343,0.7815107107162476,0.6883556842803955,0.40809696912765503,0.6259621977806091,0.3391883075237274,0.6817162036895752,0.40921610593795776,0.38632723689079285
BraTS20_Training_344,344,0.821144163608551,0.5120804309844971,0.4766782522201538,0.6361485123634338,0.5173366665840149,0.5769927501678467,0.5936530828475952,0.4122408628463745
BraTS20_Training_345,345,0.8418322801589966,0.7700791954994202,0.5518999099731445,0.5087711215019226,0.44125282764434814,0.6235179305076599,0.5142239928245544,0.3274223208427429
BraTS20_Training_346,346,0.8520238995552063,0.4684034287929535,0.39647066593170166,0.5321083664894104,0.505979061126709,0.5763111114501953,0.3503326177597046,0.33394700288772583
BraTS20_Training_347,347,0.8450832962989807,0.5020653009414673,0.35325920581817627,0.6170371770858765,0.4909142255783081,0.587471067905426,0.3736756443977356,0.37233126163482666
BraTS20_Training_348,348,0.8621253967285156,0.5908601880073547,0.5492233037948608,0.5561287999153137,0.5330535173416138,0.5240774750709534,0.41141581535339355,0.3761281967163086
BraTS20_Training_349,349,0.6924750208854675,0.5771791934967041,0.47719526290893555,0.625855565071106,0.36887434124946594,0.5416696071624756,0.3507194221019745,0.22797437012195587
BraTS20_Training_350,350,0.8049086332321167,0.527578592300415,0.4043439030647278,0.5505525469779968,0.4383762776851654,0.5665978789329529,0.3155919909477234,0.3318096399307251
BraTS20_Training_351,351,0.818028450012207,0.537227213382721,0.3414338231086731,0.4469752907752991,0.4779644310474396,0.5596185922622681,0.35167694091796875,0.31979063153266907
BraTS20_Training_352,352,0.8421728014945984,0.7722403407096863,0.5200896263122559,0.5634548664093018,0.48658236861228943,0.6914188861846924,0.47925788164138794,0.3264515697956085
BraTS20_Training_353,353,0.8825857043266296,0.6900235414505005,0.5010465383529663,0.4560334086418152,0.5796266198158264,0.563675045967102,0.45657411217689514,0.34800273180007935
BraTS20_Training_354,354,0.7405875325202942,0.5970627665519714,0.4041784107685089,0.5696384906768799,0.4967760443687439,0.5524131655693054,0.3366805911064148,0.41151535511016846
BraTS20_Training_355,355,0.7019591927528381,0.7240725755691528,0.44810858368873596,0.5303518772125244,0.3217008709907532,0.6059936881065369,0.27020877599716187,0.30814695358276367
BraTS20_Training_356,356,0.800488293170929,0.6201229095458984,0.5868149995803833,0.5426247715950012,0.5202802419662476,0.5742989778518677,0.43739157915115356,0.34559157490730286
BraTS20_Training_357,357,0.7860569953918457,0.7578754425048828,0.5891063809394836,0.6077713370323181,0.5660015344619751,0.6814382672309875,0.4919126331806183,0.3890339136123657
BraTS20_Training_358,358,0.8403934240341187,0.5017257332801819,0.28627365827560425,0.4339325428009033,0.4913656711578369,0.5825720429420471,0.3511476516723633,0.28130993247032166
BraTS20_Training_359,359,0.8233024477958679,0.5149943232536316,0.4062744379043579,0.5551146268844604,0.5292137265205383,0.5812816023826599,0.3721116781234741,0.3509357273578644
BraTS20_Training_360,360,0.8356672525405884,0.6144548654556274,0.6150405406951904,0.6636888384819031,0.428046315908432,0.4782850444316864,0.35031795501708984,0.3403721749782562
BraTS20_Training_361,361,0.8644101023674011,0.47905677556991577,0.22873473167419434,0.5740439295768738,0.5225015878677368,0.5552054643630981,0.3838592767715454,0.32295840978622437
BraTS20_Training_362,362,0.728966474533081,0.8014285564422607,0.4367543160915375,0.513981819152832,0.3571387827396393,0.7458354234695435,0.43759340047836304,0.25153112411499023
BraTS20_Training_363,363,0.7378149628639221,0.7234809994697571,0.5838780999183655,0.5513811111450195,0.2816005051136017,0.6679931879043579,0.42937666177749634,0.27259162068367004
BraTS20_Training_364,364,0.8314272165298462,0.42929497361183167,0.3813474476337433,0.43720781803131104,0.5504282712936401,0.5503301620483398,0.37031418085098267,0.3261151611804962
BraTS20_Training_365,365,0.7794064283370972,0.5240745544433594,0.383097380399704,0.7811901569366455,0.4860278367996216,0.5521364212036133,0.3821750581264496,0.6297268867492676
BraTS20_Training_366,366,0.8573198914527893,0.7236517667770386,0.7024462223052979,0.42421823740005493,0.4853898286819458,0.6713981032371521,0.5011666417121887,0.22917966544628143
BraTS20_Training_367,367,0.8382489085197449,0.4978404641151428,0.3753209412097931,0.46745097637176514,0.5184022188186646,0.599457323551178,0.4358169436454773,0.28603583574295044
BraTS20_Training_368,368,0.8423886895179749,0.6277080178260803,0.5932477116584778,0.5876134634017944,0.5665635466575623,0.5906234383583069,0.53239905834198,0.4043276309967041
BraTS20_Training_369,369,0.8436673879623413,0.484099805355072,0.5299698710441589,0.6490404605865479,0.5346642732620239,0.4858331084251404,0.5097416043281555,0.4378192126750946
