epoch,train_ce_loss,train_dice_et,train_dice_loss,train_dice_tc,train_dice_wt,train_epoch,train_loss,val_ce_loss,val_dice_et,val_dice_loss,val_dice_tc,val_dice_wt,val_epoch,val_iou_et,val_iou_tc,val_iou_wt,val_loss,val_mean_dice,val_mean_iou
1,1.4543456584215164,0.042743483871267196,0.982202548533678,0.05031284975222172,0.04671195830260059,1,2.4365482106804848,1.3517552635886452,0.056538034957102704,0.9827047868208452,0.0561422646830746,0.07724299583412776,1,0.030441246001698487,0.029789116857649255,0.04089360694156576,2.334460059079257,0.0633077651581017,0.033707989933637834
2,1.239141009747982,0.14767953825061478,0.9774273373186588,0.1392063770898153,0.15724275490630954,2,2.2165683433413506,1.1769918983632868,0.23585694363473864,0.9791035858067599,0.22718418892976544,0.17873092741402957,2,0.15693490753183068,0.1442600186038122,0.10202626998696178,2.156095504760742,0.21392401999284458,0.13440706537420155
3,1.0936011830344796,0.33793996318122843,0.974527545273304,0.2978551895728748,0.2970348176616877,3,2.068128729239106,1.0418008175763216,0.3652876401793551,0.9771596410057761,0.3330644577486261,0.3092997907564598,3,0.27195304331901704,0.23323140847005072,0.19582473886718252,2.018960467251864,0.33588396289481365,0.23366973021875012
4,0.9885423621162772,0.41335277688045147,0.9724653642624617,0.3709321496430227,0.4167741404468668,4,1.961007721722126,0.9707568948919123,0.41869715086704423,0.9759135397997769,0.38451617706316904,0.42743893133551225,4,0.3197690934853638,0.27889177338055277,0.29597261154991134,1.9466704260219228,0.4102174197552419,0.2982111594719426
5,0.9351854724809527,0.47723758201389593,0.9714648043736815,0.4437727971689615,0.5101105783540563,5,1.9066502843052149,0.9184938745065169,0.45928562051322513,0.9744757554747842,0.4223481264324577,0.49597570447807016,5,0.3553385305239038,0.3103084479603536,0.35757976543472403,1.8929696213115346,0.4592031504745844,0.34107558130632715
6,0.8862142767757177,0.5137953051214457,0.9696418642997742,0.48712127744966854,0.5761174780328715,6,1.8558561392128468,0.8701706290245056,0.49164032739953795,0.9731654990803111,0.46849729584533706,0.5533437777532093,6,0.3838275942117009,0.3525086531425757,0.41680689421536204,1.843336127021096,0.5044938003326948,0.3843810471898796
7,0.8368369555100799,0.5320907121435514,0.9681473411619663,0.5158162828130063,0.6631338760572646,7,1.804984301328659,0.8141966808925976,0.5008126231543824,0.9716683615337719,0.502472189381581,0.661525513915284,7,0.39142281084092656,0.3805373469499181,0.5363345815079982,1.7858650467612527,0.5549367754837491,0.43609824643294764
8,0.7788700209930539,0.5597253093995651,0.9662816449999809,0.5469847308061758,0.7189332817375481,8,1.7451516669243574,0.7530215220017866,0.5139969746094838,0.968906312639063,0.5045409330393871,0.6642232805684632,8,0.40522057798290434,0.3844130718497888,0.5366032670642098,1.7219278378920122,0.5609203960724448,0.4420789722989677
9,0.7198998555541039,0.5646628564301434,0.9635521275922656,0.5682298556531059,0.7379318918203924,9,1.683451984077692,0.6938822627067566,0.5418069604278409,0.9676393303004178,0.5425400983759768,0.7004134594499656,9,0.4264461886062554,0.4184404465019085,0.5760730596842041,1.6615215930071745,0.5949201727512611,0.473653231597456
10,0.6592186521738768,0.5766263666760286,0.9602412693202496,0.5877004109603312,0.7530940997921984,10,1.6194599140435457,0.6369792298837141,0.5508170425394463,0.9659655332565308,0.5801121618105664,0.7256089106324197,10,0.43630498414497465,0.459767235920371,0.6092526257009386,1.6029447598890825,0.6188460383274774,0.5017749485887614
11,0.6039625266566873,0.5859933054686737,0.9574810639023781,0.6086883873990537,0.7625785150153965,11,1.561443593353033,0.5845736839554526,0.5688851262203468,0.9606939413330772,0.5827290830871344,0.7417211562348172,11,0.4520542653619827,0.4595063578114802,0.6178185503022654,1.5452676252885298,0.6311117885140995,0.5097930578252426
12,0.552922978065908,0.5903293960925046,0.9537723222747445,0.6201451686220438,0.776541349591743,12,1.5066953022032976,0.5333576690066945,0.5518122162151475,0.9577462413094261,0.555248765491714,0.7339530776589985,12,0.4363315950223697,0.4313162699849073,0.6104624092884006,1.4911039265719328,0.6136713531219534,0.49270342476522583
13,0.5085973404347897,0.5982098158376553,0.9501755917444825,0.6344494207316563,0.7870852810213869,13,1.458772923797369,0.4907564163208008,0.5668982359262151,0.955823937329379,0.5746185297393641,0.7649439845499308,13,0.45110331562477846,0.4518877757273837,0.6430042871615474,1.4465803688222711,0.6354869167385034,0.5153317928379032
14,0.46652162354439497,0.5994670364965928,0.9466753331944346,0.6362985997937848,0.7996815197647593,14,1.4131969586014748,0.4485029865394939,0.5922257490988582,0.9511533704670992,0.6156249430247008,0.7518033880673055,14,0.4742434873826579,0.49093577302363584,0.6252639204333448,1.399656354297291,0.6532180267302882,0.5301477269465462
15,0.42641993006691337,0.6147828912566851,0.942478496581316,0.6410641957087894,0.8080446212731295,15,1.3688984215259552,0.4100855973633853,0.595158285984302,0.9484003413807262,0.6038955196698362,0.7861638200084213,15,0.4773443051933954,0.4773004152807235,0.6683079474987579,1.358485926281322,0.6617392085541866,0.5409842226576256
16,0.3879553833976388,0.6213761979991007,0.9375444808974862,0.6535481430488181,0.8182998155876204,16,1.3254998605698347,0.3718998838554729,0.5762779800311256,0.9437974160367792,0.574106327150432,0.7775375693005973,16,0.4641529520557832,0.4537580092708273,0.6549880061710629,1.3156973166899248,0.6426406254940517,0.5242996558325578
17,0.3527877479791641,0.6289857370998488,0.9328289870172739,0.6559300233970072,0.8256495539020181,17,1.2856167331337929,0.33902309862050145,0.6013402386803512,0.9405712777918035,0.6220041378085301,0.8178213658913445,17,0.4842387349438692,0.500182556136259,0.7094750429983094,1.2795943845402111,0.6803885807934087,0.5646321113594792
18,0.3220819402486086,0.6301031812578224,0.9271164778620005,0.6615370885800975,0.8297027250691299,18,1.249198418110609,0.30896880518306385,0.6063754920608173,0.9321973648938265,0.6323586286781174,0.7937661437489926,18,0.49043937842462537,0.5121817392936171,0.6755249225735003,1.2411661885001444,0.6775000881626424,0.5593820134305809
19,0.294939701911062,0.633095572879753,0.920678747817874,0.6736786165135669,0.8351079980346608,19,1.215618446469307,0.2824393705888228,0.6023479354754715,0.9304693720557473,0.6394187677053438,0.8311135716265804,19,0.48510184560592595,0.5197890181468807,0.7300589416599975,1.212908731807362,0.6909600916024653,0.5783166018042681
20,0.2715242188423872,0.62819396182071,0.9150532661005855,0.6717737612754022,0.8338723105947388,20,1.1865774802863598,0.260351667620919,0.6164952601138681,0.9238848046822982,0.6451306525398937,0.8204217316992987,20,0.499414315410571,0.5239991364823273,0.7143849360010366,1.1842364939776333,0.6940158814510201,0.5792661292979783
21,0.24992972379550338,0.6428799698533648,0.9086030758917332,0.6746862794467646,0.8421810111283276,21,1.1585328001528978,0.24012513052333484,0.6126482344053478,0.9165696252476085,0.6650456145720487,0.8359245295230968,21,0.49534004537048304,0.5457611744345205,0.7317068806199754,1.1566947568546642,0.7045394595001645,0.590936033474993
22,0.23075694567523897,0.6360130300244261,0.901973482221365,0.6916196338841498,0.8478245008392056,22,1.1327304281294346,0.22157646959478206,0.620705122738584,0.9101914741776206,0.6657070570676035,0.823671205744614,22,0.5037562552062235,0.5452636977119073,0.7159091649854307,1.1317679491910067,0.7033611285169338,0.5883097059678538
23,0.2130698619876057,0.6510928327832074,0.8943021483719349,0.6936297070332044,0.8461328279317366,23,1.1073720082640648,0.20532497086308218,0.6250894498139264,0.904271277514371,0.6653152598038854,0.8332522706558748,23,0.5088589966722233,0.546615284404925,0.7305573324285409,1.1095962459390813,0.7078856600912289,0.5953438711685631
24,0.19853848963975906,0.642798074802866,0.8880055900663137,0.6864127122302316,0.8453578331019104,24,1.0865440778434277,0.189568784291094,0.6307006978733956,0.8990468697114424,0.6833020795205539,0.839067889386573,24,0.5135367734410456,0.563701013181227,0.7378200259399801,1.0886156602339312,0.7176902222601741,0.6050192708540842
25,0.1825700339395553,0.6411147542153895,0.8803126392886043,0.7033805164525191,0.8533384099243473,25,1.0628826674073935,0.1737068780443885,0.6352258665883218,0.8909568960016424,0.6786423732297909,0.8385252072240525,25,0.5190144690111981,0.5606107832224282,0.7354701937144147,1.064663756977428,0.7174644823473884,0.6050318153160137
26,0.1698648571036756,0.6446695198371427,0.8723997045308352,0.699302364164184,0.8421233088702098,26,1.0422645574435592,0.1636177342046391,0.6293501703480655,0.8826972798867659,0.6662545846861618,0.8144792139814903,26,0.5134597500785829,0.5429352592851328,0.7025858750983286,1.0463150176134977,0.7033613230052392,0.5863269614873481
27,0.15689130523242056,0.6428325049242614,0.863349873572588,0.7016090567493092,0.8507716320433185,27,1.0202411767095327,0.15065920109098607,0.6116794510186144,0.8791049057787115,0.6593709581902137,0.8350207766502307,27,0.4941822356526336,0.5393733284797009,0.734080673629534,1.0297641103917903,0.7020237286196863,0.5892120792539561
28,0.14758736221119761,0.6384982826566292,0.8563560098409653,0.6969889437419733,0.8407728855988222,28,1.0039433743804693,0.14485805549404837,0.61404349064737,0.8681957949291575,0.6369634906906175,0.7894282578936769,28,0.4976735561403893,0.5136008870067598,0.6743820289842964,1.0130538420243698,0.680145079743888,0.5618854907104819
29,0.13570354564581066,0.6490378071152523,0.8453128319233656,0.7034099626324162,0.855194310039471,29,0.9810163788497448,0.12928675521503796,0.6271114733715554,0.858237763968381,0.6834898455760955,0.8430340753148582,29,0.5115670847268203,0.5647049171176196,0.740610213164375,0.9875245267694647,0.7178784647541697,0.6056274050029383
30,0.1264560236595571,0.6488797362637755,0.8362204041332006,0.7135215530892729,0.859179897447361,30,0.9626764273270965,0.12292912683703683,0.6398878337071022,0.8493301705880598,0.6678417920742832,0.8309612027146114,30,0.5249825771441865,0.5467395519130777,0.7244171200242752,0.9722592906518416,0.7128969428319989,0.5987130830271797
31,0.11880363989621401,0.652875261977788,0.8264366127550602,0.7060126771836055,0.8501923290792812,31,0.9452402535825968,0.11505808288400823,0.6121972466024005,0.8400904698805376,0.6750490285276203,0.823561164292276,31,0.49712026329872183,0.5563748279697103,0.7149351339547672,0.955148551680825,0.7036024798074322,0.5894767417410663
32,0.10995872598141432,0.6567262725920386,0.8129567662253976,0.7205994379331007,0.8650975665485957,32,0.9229154931381345,0.10587581816044721,0.6358981898178421,0.8284106297926469,0.67981535358464,0.8430582669045004,32,0.5207241370446267,0.5621953354833567,0.7409004024217787,0.9342864589257673,0.7195906034356607,0.6079399583165873
33,0.10258432535920292,0.657677954882051,0.8013185216113925,0.726916087889916,0.8681620218048208,33,0.9039028454571962,0.09937098825519736,0.6412505656027194,0.8176567749543624,0.6898574480256471,0.8323404756870506,33,0.528163788603441,0.5745899638199262,0.7263162470437776,0.9170277573845603,0.7211494964384725,0.6096899998223816
34,0.09571161575149745,0.6591064757591449,0.791134174913168,0.7295954025896709,0.8713182682222629,34,0.8868457917124033,0.09224295223301107,0.645309778638455,0.8093727740374479,0.6985534202375613,0.8388112998447014,34,0.5314108303197402,0.5852009896403445,0.7339670576557196,0.9016157258640636,0.7275581662402392,0.6168596258719348
35,0.09021350229158998,0.6569785779432079,0.7793718306347728,0.7260240254342671,0.8655576512859026,35,0.8695853324607015,0.08428173539313404,0.6368824075669091,0.7942590431733565,0.7077213045059519,0.8571862035524042,35,0.523382869541917,0.5938932507684721,0.7610714701015856,0.8785407857461409,0.7339299718750883,0.6261158634706582
36,0.08341226447373629,0.6632769191499984,0.7635443108156323,0.7410522015509804,0.8721014490226284,36,0.846956574358046,0.08106913011182439,0.6277328767240566,0.780928723378615,0.7051699293748372,0.8465209336880103,36,0.512769387288805,0.5925934979461127,0.7464864901851855,0.8619978579607877,0.7264745799289681,0.6172831251400344
37,0.0776096157496795,0.6632918770246795,0.7499679299071431,0.7429001923347034,0.8764448614082778,37,0.8275775462388992,0.07483079636638815,0.6343454357468448,0.7711429173296148,0.7049329172226637,0.8423709695191463,37,0.5197367400615447,0.5899697141003922,0.739115537214166,0.845973713831468,0.7272164408295515,0.6162739971253676
38,0.07198771368712187,0.6644417246385308,0.7354331705719233,0.7469986161382289,0.8793779792381584,38,0.8074208833277225,0.06869940446181731,0.6500565960454564,0.7549408869309859,0.7190978049498669,0.8547865556770559,38,0.537650089333547,0.6097062721536093,0.7556234661746424,0.8236402945085005,0.7413136522241263,0.6343266092205996
39,0.06650804821401834,0.6629858547967568,0.7165858773514628,0.7606192335443853,0.8813609600232906,39,0.7830939302220941,0.06410674249584025,0.6470937789073294,0.7407144373113459,0.7188395391394592,0.8454824426045356,39,0.5350561224576129,0.6126174978725162,0.7424106862885421,0.8048211802135814,0.7371385868837748,0.6300281022062237
40,0.062229046248830855,0.6697375831163294,0.7032397631555796,0.7622032421369428,0.880929205281891,40,0.7654688097536564,0.05884820263494145,0.6365271152278282,0.7275375908071344,0.7125390667871264,0.863115524285983,40,0.5234882611947294,0.6004944629632508,0.7694386524096891,0.7863857876170766,0.7373939021003126,0.6311404588558898
41,0.05837013036943972,0.6754866906537804,0.6888524480164051,0.7618369220616203,0.8813141173527811,41,0.7472225781530142,0.05554537339643999,0.6419350471928393,0.7135359417308461,0.7162693351904318,0.8624693767605662,41,0.5292038795489709,0.6122606079645374,0.7684507385752858,0.7690813183784485,0.7402245863812791,0.6366384086962648
42,0.05453766218852252,0.6726978473006044,0.6649954067543149,0.7768994788501913,0.8788474059142944,42,0.7195330671966076,0.05171894823962992,0.6419239499203445,0.6944152571938255,0.7338797834818628,0.8663442479864273,42,0.5297865382687978,0.6316175594295411,0.7742990235251304,0.7461341987956654,0.7473826604628782,0.6452343737411564
43,0.051468940160702914,0.6703158272977855,0.6558962166309357,0.768647859204642,0.8839166028748434,43,0.7073651570826769,0.05047527673569593,0.6557972469612671,0.6840263789350336,0.718436396418526,0.8475046936229841,43,0.5469410566439727,0.6146210597361191,0.7496975813187009,0.7345016490329396,0.7405794456675924,0.6370865658995976
44,0.048345450311899185,0.6778672004046287,0.637283586896956,0.7771011490230748,0.8842403587386416,44,0.6856290381401777,0.04989367777651006,0.6409401726211964,0.6765505595640703,0.6799637488238421,0.8454570179998482,44,0.5294096293797199,0.5616999423912032,0.7434386088983647,0.7264442389661615,0.7221203131482956,0.6115160602230959
45,0.04538095981115475,0.6841810742892678,0.6193101312965155,0.7893197804463165,0.8859260672956788,45,0.664691093377769,0.044452130523594945,0.6559545467658371,0.6527493195100265,0.7166526498883299,0.8585857852635222,45,0.5462791057059923,0.6160237415058748,0.7648027515818218,0.6972014513882724,0.743730993972563,0.6423685329312296
46,0.042638945567887276,0.6845322788848796,0.5981188295409083,0.7936854714890227,0.8885088913413657,46,0.6407577777281404,0.041717461970719426,0.6572220206512076,0.6442986791784113,0.7278184825446691,0.8691722474815188,46,0.5472712860357832,0.6227167166360952,0.7803835662322005,0.6860161369497125,0.7514042502257986,0.6501238563013597
47,0.040600845823064446,0.6913664623673289,0.5883429376408458,0.8013515830596886,0.8932121565025664,47,0.6289437832310796,0.0392193005843596,0.6674346455448118,0.6347246906974099,0.7274931662948716,0.8731701188565999,47,0.5592592859520077,0.6290044735518223,0.7865659134609981,0.6739439899271185,0.7560326435654278,0.6582765576549426
48,0.03809190008905716,0.6928514848967281,0.5694182505831122,0.8071430876589626,0.8947171610713985,48,0.6075101504102349,0.03834997049786828,0.6592993358835428,0.6136381019245495,0.7449596849419913,0.8717647950123946,48,0.5496089337733773,0.6502783970285505,0.783442974659497,0.6519880771636963,0.7586746052793095,0.6611101018204749
49,0.03631809644866735,0.6881063707229536,0.5500918673351407,0.8202921652321938,0.8948084179288548,49,0.5864099636673927,0.03834551071578806,0.659505050569335,0.6023899880322543,0.7343174045164971,0.855805090629958,49,0.5492219858700483,0.6356978568422332,0.7602021634188395,0.6407354983416471,0.74987584857193,0.648374002043707
50,0.03472257894463837,0.6917097391249546,0.5396030442789197,0.8117591763094634,0.8930694759315301,50,0.57432562392205,0.03753049224615097,0.6525546267305135,0.5842874483628706,0.7372929910536445,0.8522665870044229,50,0.5406372589598317,0.637406194725318,0.752938447962299,0.6218179442665793,0.7473714015961938,0.643660633882483
51,0.033232237270567566,0.6919959807849402,0.5220584003254771,0.8215572929118176,0.8965034655440535,51,0.5552906370721757,0.03344411091371016,0.6656164773396644,0.581935680996288,0.7263801817805007,0.8715978214892832,51,0.5581615798241741,0.6278582825809689,0.7839334297596381,0.6153797940774397,0.7545314935364829,0.6566510973882603
52,0.031569629529258236,0.7000974150749897,0.5088783577084541,0.8295898238231275,0.9007659508988127,52,0.5404479838907719,0.03268319205804305,0.6753736580284897,0.5617280624129556,0.744314581324682,0.8734903563636545,52,0.5666016283736031,0.6456403316085852,0.7855802310187727,0.5944112517616965,0.7643928652389421,0.6659407303336536
53,0.03026726742973551,0.7051622132168861,0.4953776504844427,0.8341249281203065,0.9016351252497721,53,0.5256449170410633,0.032005315206267614,0.6653301121009596,0.5501370169899681,0.7406521275068831,0.8791043711627767,53,0.5572881879655601,0.6432938743643397,0.7932685714373681,0.5821423335508866,0.7616955369235399,0.6646168779224227
54,0.029802079254295677,0.7015317503165999,0.4879257306456566,0.8328747947614845,0.9014624581917798,54,0.5177278118208051,0.03119416738098318,0.6663022032038226,0.5401464809070934,0.7486826417688608,0.8763639342217725,54,0.5570281633703604,0.654392227167576,0.7881658788671463,0.5713406400247054,0.7637829263981519,0.666528756468361
55,0.028166582575067878,0.7045225104755148,0.4676814703270793,0.84446883687249,0.9023207741424185,55,0.4958480536006391,0.02952515896071087,0.6747201896732052,0.5234143593094566,0.7487346374019198,0.8823568446828506,55,0.5667921365211681,0.6504859784986403,0.7976507519087866,0.5529395114291799,0.7686038905859919,0.671642955642865
56,0.0273737158277072,0.7065445268707279,0.4584179073572159,0.8423009327926807,0.9047845663097843,56,0.48579162498936057,0.031057583879340777,0.6693731944269963,0.5247436046600342,0.7285310864418512,0.8625465243960636,56,0.562125748154109,0.6327800663328654,0.7711534198670836,0.5558011867783287,0.7534836017549704,0.6553530781180193
57,0.026648133585695177,0.7017491292592255,0.44972799625247717,0.8489351309290475,0.9061742966613444,57,0.476376130245626,0.028439707647670398,0.666104888701402,0.509132404760881,0.7492544251197485,0.8785922500863902,57,0.5565534122401995,0.65436827148717,0.7930539413689982,0.5375721107829701,0.7646505213025137,0.6679918750321225
58,0.02571771654766053,0.708572307141584,0.4413311965763569,0.8489163102366577,0.9059632645088646,58,0.4670489155687392,0.02809443643147295,0.6730886659674418,0.5021641351959922,0.7391116123458586,0.8822354048847562,58,0.565449645186355,0.6413570957749162,0.7976191917105416,0.5302585786039179,0.7648118943993522,0.668141977557271
59,0.025531686609610915,0.7083839990082481,0.4279417712241411,0.8518171861266391,0.905116601573581,59,0.4534734603948891,0.028431164676492864,0.6832993020555523,0.4895141579888084,0.758720463748242,0.87547657485375,59,0.576899620513812,0.6633726477699057,0.7878799192949867,0.5179453167048368,0.7724987802191814,0.6760507291929015
60,0.02484417488449253,0.7134432474000594,0.42075857426971197,0.85079383633173,0.908226978421107,60,0.44560274854302406,0.026686783541332592,0.6816327898042005,0.48127092014659534,0.7688328911623907,0.8849758020513253,60,0.5742015616884538,0.675055046760152,0.800865862720033,0.5079577012495561,0.7784804943393056,0.683374157056213
61,0.023994801042135805,0.7189960291942102,0.406820310279727,0.8508908708391888,0.9073068843599879,61,0.43081511091440916,0.025871359353715723,0.685988302260525,0.46927623098546806,0.769028851523189,0.8788201210496304,61,0.5795903160182845,0.6751477834907419,0.792802298709408,0.4951475869525563,0.7779457582777815,0.6825134660728115
62,0.023670958427828737,0.7150112516682995,0.40428341273218393,0.8579430987829744,0.9088966698394857,62,0.4279543715529144,0.02596826268868013,0.6713514705723369,0.46682711948047984,0.75351585626128,0.8780396001726846,62,0.5630078556452228,0.6581305691170524,0.7918923438051585,0.4927953850139271,0.7676356423354337,0.6710102561891446
63,0.023444860300514847,0.7123089682541557,0.39500988367944956,0.8574955417867871,0.908118389112055,63,0.41845474299043417,0.02703421799974008,0.6698934403611252,0.46379577246579257,0.7562109464571067,0.8709523101754527,63,0.5625862410633864,0.6636099075392149,0.781602590473453,0.49082998904314906,0.7656855656645615,0.6692662463586848
64,0.022418413034756668,0.7142143583067424,0.3892980618402362,0.8603224458855095,0.9099748059370855,64,0.41171647561714053,0.026338759538802235,0.675005684694482,0.45770717100663616,0.752525755533885,0.8787902894192997,64,0.5677967530050257,0.6588094648971987,0.7917709886224724,0.48404592817479913,0.7687739098825556,0.672792402174899
65,0.022311656575766392,0.7203310858054502,0.38628082163631916,0.8625227509446368,0.9100896837018421,65,0.40859247697517276,0.024847797846252268,0.6830214429078181,0.4439354202964089,0.7735956222146572,0.8812888301093947,65,0.5750571384168672,0.6773091884642252,0.7961466471456735,0.46878321929411454,0.77930196507729,0.6828376580089218
66,0.021399929421022534,0.7248423376848068,0.3779125390574336,0.8713710112431136,0.9137759865920629,66,0.39931246917694807,0.024376259676434777,0.6869854654517826,0.44124630147760563,0.7674487054810474,0.8842375853573029,66,0.5797997072652828,0.6732837948579223,0.8007886630102266,0.4656225637956099,0.779557252096711,0.6846240550444772
67,0.02124141569947824,0.7213199721725457,0.37994376476854086,0.8651338988847317,0.9131450195632171,67,0.40118518145754933,0.024747986007820477,0.687937214791718,0.4431116049939936,0.7640342606849894,0.8783093506661025,67,0.5816707323419189,0.6689513272321508,0.7945277921476726,0.46785959113727915,0.7767602753809366,0.6817166172405807
68,0.020717891326057725,0.7218134696127471,0.3642125856131315,0.8723321068538693,0.9143421846606018,68,0.3849304779432714,0.023861536248163742,0.6872896095362495,0.4324132507497614,0.7657544858468903,0.8835243381740688,68,0.5796662702000371,0.6706616673210789,0.8002327446982352,0.45627478686246004,0.7788561445190695,0.6835202274064504
69,0.020346847246401012,0.725033644598883,0.3536950321868062,0.8751886046141023,0.9137233563457334,69,0.37404187954962254,0.024166218462315474,0.6863079166230611,0.42754153555089774,0.7575309092137995,0.881879338336023,69,0.5805312458999711,0.6658882367167482,0.7972251456937228,0.45170775001699276,0.7752393880576279,0.6812148761034807
70,0.0205072079988895,0.720853241804863,0.3555151326581836,0.8734650483859129,0.9127552874488074,70,0.37602234235964715,0.024009939757260408,0.6807354063367016,0.42454415343024515,0.7680161767704647,0.8805215220893854,70,0.5724840659167098,0.6743088291005038,0.7959455026898378,0.4485540856014599,0.7764243683988505,0.6809127992356837
71,0.019580592401325703,0.7284509821348035,0.34529490768909454,0.8778072756439168,0.915519899065571,71,0.3648755024187267,0.02375613193620335,0.6837975178267351,0.41771658875725487,0.763472673597915,0.8830574377391435,71,0.5758252344596304,0.6696401940754978,0.7987719993601867,0.441472712430087,0.7767758763879312,0.681412475965105
72,0.019563312773243524,0.7322011142894008,0.34282436221838,0.8813219207210804,0.9150503079382952,72,0.36238767486065626,0.023344823176210578,0.6847745212684534,0.4149277112700722,0.7655142872327964,0.888187565240459,72,0.5784771066756399,0.6708062033556101,0.8049896176621967,0.4382725390520963,0.7794921245805696,0.6847576425644822
73,0.019151304572005756,0.7298140311862565,0.33966520708054304,0.8793289605936351,0.9156138427597457,73,0.3588165119290352,0.023319806294007733,0.6873261146000074,0.41306216500022197,0.7626851999677029,0.8861217590427309,73,0.5822455711296827,0.6711605581078657,0.803359552480031,0.43638197617097335,0.7787110245368137,0.6855885605725264
74,0.01914833957562223,0.7269736138448885,0.341094546020031,0.8791925540322465,0.9174930802704433,74,0.36024288670159876,0.0232456350191073,0.6830828552474926,0.41084489063783125,0.7583673970708888,0.879563296600315,74,0.5779461505424678,0.6680908042520434,0.7961028291735691,0.43409052762118255,0.7736711829728988,0.6807132613226935
75,0.01897272157657426,0.7235551734194331,0.3298020139336586,0.8848020536682831,0.9163417355401715,75,0.34877473674714565,0.02403252348303795,0.6805496128470767,0.41064417578957296,0.7538363633783849,0.8764359204167698,75,0.5746614230183804,0.662642527757051,0.7896555247094709,0.43467670028859917,0.7702739655474105,0.6756531584949674
76,0.018567451741546392,0.7302711835511052,0.33034640178084373,0.8863600135620856,0.9168271722402095,76,0.3489138544537127,0.023362617126920008,0.6863089997738097,0.41208599480715663,0.7488228188787213,0.8817908818286211,76,0.5805522104436868,0.6565234328416644,0.7981468363228749,0.4354486107826233,0.7723075668270507,0.6784074932027421
77,0.0184096799348481,0.7347581504803045,0.3201424954459071,0.8882297849841022,0.9178331849585701,77,0.33855217485688627,0.023130347511985085,0.6849876177467211,0.4012396487322721,0.7659171919415205,0.8841545772875995,77,0.5776595380200963,0.6739561997798752,0.7999721771746338,0.4243699940768155,0.778353128991947,0.6838626383248684
78,0.018465284316334873,0.7295857183666307,0.31870764028280973,0.8872430279773073,0.9170837890939658,78,0.33717292407527566,0.02342218885367567,0.6848754019309772,0.4036337158896706,0.7529282806544824,0.8851292915913261,78,0.5795964544765468,0.6613177793462149,0.8014027006974611,0.42705590399828824,0.7743109913922619,0.6807723115067409
79,0.018374027844402008,0.7300851759266932,0.31972512416541576,0.8856243246512754,0.9183933297586184,79,0.3380991506855935,0.023183904046362096,0.6843338220156254,0.40114712064916436,0.7582961879834115,0.8852998498890381,79,0.5785747327465286,0.6669798628758437,0.8030735498669594,0.42433102564378217,0.7759766199626917,0.6828760484964439
80,0.018254210110171698,0.7286496998233847,0.3163192346692085,0.887700954592476,0.9183378189511867,80,0.3345734463073313,0.022859261388128455,0.6871196232259551,0.39566074284640224,0.7624387951304796,0.8853090600031862,80,0.5823484386773068,0.6729691411146187,0.8024080909593937,0.4185200030153448,0.7782891594532071,0.6859085569171063
81,0.01815076093771495,0.7315192000659351,0.318289372138679,0.8897944335333978,0.9185184570293466,81,0.3364401354920119,0.02253394377502528,0.6880664839076844,0.39175752076235687,0.7672111593994515,0.8848998547961862,81,0.5824693261769095,0.6769950527324644,0.8024225818374802,0.4142914685336026,0.7800591660344406,0.6872956535822846
82,0.017809037715778686,0.7414353303906817,0.3113734135404229,0.8933136788934949,0.9208775513839259,82,0.3291824525222182,0.022543596814979205,0.689982475676942,0.3925448070872914,0.766439043934999,0.8850801073467749,82,0.5842377733835752,0.6753234086457818,0.8029931407705854,0.41508840105750344,0.7805005423195719,0.6875181075999808
83,0.01778242611908354,0.7331376018007346,0.31228174082934856,0.8894967257956541,0.9194634372798125,83,0.33006416843272746,0.022503911568359895,0.6897162013441281,0.3878831028938293,0.775134895982365,0.8829419143288839,83,0.5834581539964232,0.6837282298892154,0.7994151767375667,0.4103870164264332,0.7825976705517923,0.6888671868744017
84,0.017438610404497012,0.7373198474518061,0.30544343777000904,0.893333534773286,0.9201689659406995,84,0.3228820487856865,0.02235148996114731,0.688612668946427,0.3862192435698076,0.7727974510030452,0.8838600224644793,84,0.5827451973971598,0.681353513994884,0.8011100986776808,0.40857073827223345,0.7817567141379839,0.6884029366899082
85,0.017178072928800248,0.7384662673797551,0.30433100927621126,0.8971581090490598,0.9210259380037179,85,0.3215090804733336,0.02225072146816687,0.6844757852560182,0.3871054996143688,0.7686698265407229,0.884957259229271,85,0.5774453972814704,0.6768331752085187,0.8027532339203409,0.4093562223694541,0.7793676236753374,0.6856772688034433
86,0.017102194658946246,0.7358887343051221,0.29892687499523163,0.8960423869398021,0.9207513221026851,86,0.31602907041087747,0.022228167206048966,0.6857064824371941,0.3863217353820801,0.7670989038789408,0.8850591727628185,86,0.5795586481943067,0.676182112628596,0.8028047175726466,0.4085499026558616,0.7792881863596511,0.6861818261318499
87,0.01719832578964997,0.7335208518460213,0.3042727652937174,0.8955616867736177,0.9214988922433073,87,0.32147109135985374,0.022464814172549682,0.6880007936535938,0.387085083397952,0.7643577278901789,0.8849314667640439,87,0.5822973319063212,0.6737809022791166,0.8023449451926767,0.40954989953474563,0.7790966627692723,0.6861410597927048
88,0.017725948404404335,0.7361998690125251,0.3048507096245885,0.8931407960152314,0.9202391350679292,88,0.32257665949873626,0.022383914549242368,0.6883657481769542,0.3842139720916748,0.7685834497387476,0.8843688473476842,88,0.5809153389127683,0.676569130420529,0.8016048415275379,0.4065978906371377,0.7804393484211287,0.6863631036202783
89,0.0168636411690386,0.7390888906172858,0.29903337825089693,0.8978621626750497,0.9223121639827231,89,0.3158970184158534,0.022076851332729512,0.6889768264900112,0.3825568589297208,0.7716196183479188,0.8864383180819732,89,0.5827452046190013,0.6797556472167706,0.8042650038998236,0.4046337127685547,0.782344920973301,0.6889219519118651
90,0.017086193969589658,0.7367663360238634,0.3047947147861123,0.8964715556795013,0.9215954799089231,90,0.3218809098470956,0.022053115137598733,0.6889487198881222,0.3807181715965271,0.7726305511017618,0.8854250914389904,90,0.5826579404000704,0.6810688552227431,0.8029410153745511,0.40277128978209065,0.7823347874762915,0.6888892703324548
91,0.016875077431905083,0.7476715363323223,0.29485636856406927,0.8976045561469156,0.9219811262199581,91,0.3117314474657178,0.02218163345347751,0.6887936490639667,0.3802550424229015,0.7719550554562965,0.8846684576196228,91,0.5818506291984719,0.6801846800896606,0.8019600845398887,0.40243667797608806,0.7818057207132952,0.6879984646093403
92,0.01694864107412286,0.73574882791264,0.2978605665266514,0.8972091424995806,0.9218915188025374,92,0.31480920780450106,0.022014606202190572,0.6891623516891722,0.3793355725028298,0.7736569169798654,0.8853151032914531,92,0.5830021238194999,0.6821945537101349,0.802825788412096,0.40135017416693947,0.7827114573201636,0.689340821980577
93,0.016883174001122825,0.7339715711242524,0.3008090555667877,0.8977938365914114,0.9216820273020833,93,0.31769222929142416,0.022000409730456093,0.6902334276045482,0.3788273041898554,0.7738916210941443,0.885844216228034,93,0.5843249370157193,0.6821633513969361,0.8036296500046142,0.4008277134461836,0.7833230883089088,0.6900393128057565
94,0.016976358849206008,0.7437859534277619,0.3030992094427347,0.8979652760423715,0.921736554658836,94,0.32007556804455817,0.022021264108744533,0.6895765152715367,0.3792837619781494,0.7719950942455283,0.8858809885733566,94,0.5835174875779763,0.6803832941500129,0.8035793661782651,0.40130502527410333,0.7824841993634739,0.6891600493020847
95,0.016923412651522085,0.7376404488969271,0.3016504514962435,0.8984429498344962,0.921407119829336,95,0.31857386557385325,0.021991176970980384,0.6913171681328804,0.3779833121733232,0.7750101316270781,0.885981086264574,95,0.5848409484338296,0.6836256930123367,0.8036202773526337,0.3999744935469194,0.7841027953415107,0.6906956395995999
96,0.016821296216221526,0.7428704133508822,0.29656895995140076,0.8968160810072437,0.9210909194397167,96,0.31339025450870395,0.021915740181099284,0.6913635576373595,0.37768709442832255,0.7744933506150695,0.886256459867581,96,0.585112834994,0.6834066764688533,0.8042405601629465,0.3996028358286077,0.7840377893733366,0.6909200238752667
97,0.016860729228938,0.7370319060916434,0.2964476943016052,0.8967169850198143,0.9223465388216286,97,0.31330842175520957,0.02206067598678849,0.6910904242796878,0.3778450218113986,0.77372279552946,0.8855327033376981,97,0.5849633973154169,0.6825611730476364,0.8028169255691654,0.39990569461475717,0.7834486410489486,0.6901138319774063
98,0.016919496207265183,0.742740130973365,0.29438209533691406,0.897987513640323,0.922090882779081,98,0.3113015918061137,0.021891053427349438,0.6897107071608987,0.37732842510396786,0.773464365535039,0.8863410383336124,98,0.5838673422886864,0.6824798162263358,0.8042155929645438,0.3992194804278287,0.7831720370098499,0.690187583826522
99,0.016886115379747935,0.7421500204761119,0.29567103274166584,0.8963694369078179,0.9224062741405017,99,0.3125571480486542,0.021942632713101127,0.6895438850525482,0.3775837876579978,0.7723498736875177,0.8862061477655723,99,0.5837136034077606,0.681337148566144,0.803982536610021,0.3995264237577265,0.7826999688352126,0.6896777628613086
100,0.016644749397528358,0.7396577363441124,0.2958070654422045,0.8992617986488247,0.9221974962748839,100,0.31245181569829583,0.021916419809514826,0.6899351197769132,0.3769971500743519,0.7734328130997059,0.8860379820914368,100,0.583767322359177,0.6824462536261031,0.803793116724297,0.39891357096758756,0.783135304989352,0.6900022309031923
101,0.017742533367709257,0.7284262701048071,0.30119545105844736,0.8834561080233847,0.918165768143725,101,0.31893798452802,0.023606532202525572,0.6584481858266598,0.3921690984205766,0.7501457574029247,0.8825401767506013,101,0.5472559964051288,0.6586033059154943,0.7990199167080138,0.41577563069083473,0.7637113733267286,0.6682930730095457
102,0.01863230613525957,0.7191690558374153,0.30952655617147684,0.8691809556294037,0.9140969270382434,102,0.3281588621903211,0.02409131648865613,0.6809965622390959,0.3805366732857444,0.75617573089734,0.8622702419484567,102,0.5732922241452348,0.6614587588326638,0.7748362608507204,0.4046279896389354,0.7664808450282976,0.6698624146095397
103,0.018591282379929908,0.7392679938363105,0.30457433219999075,0.8760259412769246,0.913745334588276,103,0.32316561392508447,0.02150459811091423,0.690383479992246,0.36588735363700176,0.7621319029143548,0.8787600548382449,103,0.5842402633370984,0.6673795082955325,0.7936922814524177,0.38739195411855526,0.7770918125816153,0.6817706843616828
104,0.018550620050518773,0.7285536873534469,0.2973500285297632,0.869387272834399,0.9120187204495908,104,0.3159006489440799,0.022470124201341108,0.6783379605732798,0.376306210864674,0.7533128668934775,0.8756341252251572,104,0.5696015522176636,0.6486866621690283,0.7888978147947477,0.39877633289857345,0.7690949842306383,0.6690620097271465
105,0.018069374054903165,0.7294048723181924,0.2912209676578641,0.8694460554572341,0.9106429065605647,105,0.3092903427314013,0.021100575883280147,0.6850045542688592,0.3463237935846502,0.7681093417824914,0.8840474511564856,105,0.5799013128143604,0.6753622621893643,0.8006492199010128,0.3674243688583374,0.7790537824026119,0.6853042649682459
106,0.01823623884411063,0.7374090806619881,0.2831617835909128,0.8679248500688693,0.9137100771650245,106,0.30139802279882133,0.02342149086973884,0.6874294362334491,0.36353939446535977,0.7404871081896713,0.8779853397936604,106,0.5824937396140297,0.6467201880080166,0.7929487219838794,0.3869608824903315,0.7686339614055937,0.6740542165353086
107,0.017557861836394295,0.7257689249211549,0.2817405443638563,0.8659777037279388,0.9131391513832282,107,0.29929840727709234,0.021097853644327685,0.6934513603984666,0.3430810570716858,0.760631411178917,0.8831077842232754,107,0.588226493978969,0.6703964219815225,0.800116066983659,0.3641789067875255,0.7790635186002196,0.6862463276480502
108,0.016875989545951597,0.7401850505743302,0.27371071837842464,0.880332085887721,0.9165964467054645,108,0.2905867078807205,0.02204859270290895,0.6813879940645922,0.34384897297078915,0.7585636841760669,0.8815219359585276,108,0.5760074355354378,0.6696817293231204,0.7970463236536673,0.36589756445451216,0.7738245380663956,0.6809118295040751
109,0.016745409840950742,0.733614771427764,0.26662578620016575,0.8855674351103925,0.9159508819383049,109,0.2833711956627667,0.021761523864486,0.6858587287951832,0.34678159193559127,0.7562255555860565,0.8841669659054502,109,0.5816733036475249,0.6660523796250871,0.8011311121447688,0.36854311444542626,0.7754170834288967,0.6829522651391269
110,0.016477601471706294,0.7366167384728234,0.2584110228344798,0.8857290711154838,0.9161248714013887,110,0.27488862606696784,0.02065158648924394,0.688665190969881,0.33520943359895183,0.7650218229293423,0.8873548552090752,110,0.5846681343779666,0.6723704140597822,0.8065420675744538,0.3558610157533125,0.7803472897027661,0.6878602053374009
111,0.016486857261043042,0.7393433909312708,0.2552656577900052,0.8864286771671114,0.9179112586795583,111,0.27175251534208655,0.02099246416579593,0.6830709181079123,0.3254339955069802,0.7631028229925368,0.8866420757259806,111,0.5781617698390101,0.6722138907673031,0.8045115862227353,0.34642645770853214,0.7776052722754766,0.6849624156096829
112,0.016429383627837524,0.7350922216332966,0.2529706582427025,0.8840208474498243,0.9193067820252409,112,0.2694000417832285,0.020742058618502184,0.6882447419009349,0.32412066026167435,0.7583023036708922,0.8866061368866678,112,0.5842650973337048,0.6689256158032043,0.8055226180148345,0.3448627200993625,0.777717727486165,0.6862377770505813
113,0.01608550794480834,0.7400131765127618,0.24088978208601475,0.8851304012229726,0.9175501878243278,113,0.2569752901326865,0.022498034008524636,0.6800588878879565,0.32860262393951417,0.74957047146997,0.8737868268672455,113,0.5771134350363147,0.6612812373726668,0.7885696667092834,0.3511006604541432,0.7678053954083907,0.6756547797060883
114,0.016281952877761796,0.7360437832363824,0.25735261384397745,0.8817560945251156,0.9169413788540067,114,0.2736345664598048,0.02253438207236203,0.684947823282519,0.32997832081534645,0.7491075786241331,0.8811969820447897,114,0.5814643943984138,0.6577063030167918,0.7976080811755488,0.35251270857724276,0.7717507946504806,0.6789262595302515
115,0.015592775132972747,0.7407728865998688,0.23991242982447147,0.8907346518045325,0.9204097243572681,115,0.2555052055977285,0.022131601856513458,0.6875599622254955,0.31849957596171985,0.7604506730453157,0.8796985617575462,115,0.5840554338355461,0.6714747270233261,0.7950541950109031,0.340631179376082,0.7759030656761192,0.6835281186232584
116,0.01525070663774386,0.7501422469838055,0.23206243198364973,0.8971380666603017,0.9223400980010624,116,0.24731313856318593,0.021011801064014436,0.6894040747355444,0.3122026681900024,0.762675327711222,0.8866228093292979,116,0.5855861485976039,0.6730140167387788,0.8050896427792,0.33321446938948196,0.7795674039253547,0.6878966027051941
117,0.01517392072128132,0.744999292527282,0.229565036483109,0.8977371810573151,0.9213076685223572,117,0.24473895714618266,0.021857126328078184,0.6882187868251832,0.3188050530173562,0.7573584754179205,0.8827773069438986,117,0.5826783758792412,0.6662815204636485,0.8000113393688751,0.3406621824611317,0.7761181897290008,0.6829904119039215
118,0.01516824476129841,0.7458241271448031,0.22800001315772533,0.8948098810690492,0.9203808860652044,118,0.24316825717687607,0.021499236605384133,0.6883512075561534,0.3071737289428711,0.7631382298542485,0.8830444137546718,118,0.5842806631772218,0.6733456910328246,0.79940989921844,0.32867296609011565,0.778177950388358,0.6856787511428287
119,0.01503505589789711,0.7472220112345053,0.22605405654758215,0.8950824622471898,0.9233083644191099,119,0.2410891130566597,0.021422985060648485,0.6835905890256763,0.3095921212976629,0.7575502054824581,0.8825910918624564,119,0.577871187559879,0.6666940586316265,0.7995965077385715,0.3310151078484275,0.7745772954568636,0.6813872513100256
120,0.015086819767020643,0.750633715284927,0.2258806461468339,0.8950187031323357,0.9224594615853544,120,0.24096746579743922,0.0210620986467058,0.6872340537614807,0.3087276957251809,0.7598507648357103,0.8844542553422835,120,0.5807183651139883,0.6702128745307107,0.8023840718733931,0.3297897902402011,0.7771796913131581,0.6844384371726974
121,0.014808541789534502,0.7481867021256935,0.2186519568786025,0.9007573031603737,0.9227986061061424,121,0.23346049850806594,0.02022905708713965,0.6869777824860306,0.2982700683853843,0.7663868075311495,0.8906773141068953,121,0.58373728659228,0.6785496239783692,0.8104007978572038,0.31849912621758203,0.7813473013746918,0.6908959028092844
122,0.014285684577771463,0.754658564934495,0.2164698364213109,0.8997488493622888,0.9244608521332746,122,0.2307555212173611,0.020959014310078187,0.6945724251623758,0.2980937957763672,0.7690793705685343,0.8855300656925957,122,0.5903755036857313,0.6770686778496218,0.8033942590243417,0.31905281110243366,0.783060620474502,0.6902794801865649
123,0.01462107441329863,0.7591275228010348,0.21157255582511425,0.8993190034985256,0.9218510410923169,123,0.22619362967088819,0.020502890172329816,0.6897406729116415,0.2969565283168446,0.7668485191357979,0.8854883986931545,123,0.5866250126908996,0.6771045293143154,0.8040974177570217,0.3174594153057445,0.7806925302468647,0.689275653254079
124,0.014955467922845855,0.7544485830033882,0.21656515263020992,0.8989710263549757,0.9221880570214958,124,0.23152062110602856,0.021137871119109065,0.6909479171081021,0.2942240584980358,0.764391155104595,0.8861452647778771,124,0.5882430608525593,0.6767608863716034,0.8041996684138473,0.31536193110726096,0.7804947789968582,0.6897345385460033
125,0.014372765421285294,0.7573691046260667,0.20688381884247065,0.8999382575238246,0.9237159170790957,125,0.22125658439472318,0.021299151602116498,0.6898294576782519,0.29207184531471947,0.761958601844724,0.8848485600077869,125,0.5865047533210546,0.6740506459479337,0.801762120519862,0.3133709961717779,0.7788788731769208,0.6874391732629501
126,0.014304471900686622,0.7550810138041509,0.20704445336014032,0.903064786719121,0.923909975999829,126,0.2213489254936576,0.02031431794166565,0.6917602747993512,0.2866258285262368,0.7668821844085643,0.8886699917439955,126,0.5885596159193289,0.6799977842064215,0.8069976773348938,0.3069401437586004,0.782437483650637,0.6918516924868814
127,0.014105601847404614,0.7475537817193968,0.2052464634180069,0.9050515252665179,0.924888245767938,127,0.21935206605121493,0.020357368886470793,0.6906247301093724,0.2867909756573764,0.7732054573815171,0.8861492395932216,127,0.5865699414199623,0.687312892051268,0.8036277384454433,0.3071483460339633,0.7833264756947038,0.6925035239722246
128,0.01402892472106032,0.7462613356252675,0.20198003109544516,0.9048250677391722,0.9257569272827972,128,0.21600895537994802,0.021214967221021654,0.6880149443499376,0.2955143906853416,0.7520652080119783,0.8885533137995889,128,0.5854729675934376,0.6626482854838541,0.8076631886578225,0.3167293581095609,0.7762111553871683,0.6852614805783714
129,0.013857392033969518,0.7666643651012552,0.196242181584239,0.9056117833420109,0.9263029179318586,129,0.21009957324713469,0.02100743143395944,0.6798654209681009,0.2877246412363919,0.7652934098330078,0.8858262931413979,129,0.5734062241125938,0.6768897129605473,0.8031708145822514,0.3087320717898282,0.7769950413141689,0.6844889172184642
130,0.013955311100289691,0.7474146098866121,0.20049574971199036,0.9060745539857844,0.925163430776823,130,0.21445106086321175,0.02151496098800139,0.6968030175405041,0.29304601062427865,0.7634981347327766,0.8865940640414054,130,0.593252247465802,0.6727326318226082,0.8039981129588487,0.31456097147681494,0.7822984054382287,0.6899943307490863
131,0.014117392631305847,0.7693433166571769,0.20429044496268034,0.9065411501643588,0.9264484152277556,131,0.218407838139683,0.019721884686838498,0.6935603474972896,0.2769178076223894,0.781139232540612,0.8884168715711287,131,0.5899444936901415,0.6916123981582021,0.8065083231067807,0.2966396895321933,0.7877054838696766,0.6960217383183748
132,0.013915401650592685,0.757991342018236,0.20220603421330452,0.9026942247180492,0.9252076708293082,132,0.2161214358638972,0.021831128001213073,0.6643937424558461,0.28942465565421366,0.7550897839272178,0.8869365089838478,132,0.5584174667462267,0.6650223098298457,0.8046286950931383,0.3112557833844965,0.7688066784556372,0.6760228238897369
133,0.014040169844520278,0.7590480117380665,0.19976171851158142,0.9032097710511031,0.9246354927692038,133,0.21380188851617277,0.020818152955987237,0.6952444510975211,0.2795600598508661,0.7682469675725198,0.88705993496004,133,0.5931265899724968,0.6808917007929223,0.8058199348029087,0.3003782120617953,0.7835171178766936,0.6932794085227759
134,0.01357318987720646,0.7615698988397606,0.19214143604040146,0.9079967429567393,0.9274506344156749,134,0.20571462623775005,0.020949603143063458,0.6923934237644229,0.2798198786648837,0.7707399698512308,0.8888607920665775,134,0.5893613756769968,0.6806230875219643,0.807816045961644,0.30076948295940054,0.7839980618940771,0.6926001697202017
135,0.01386042422382161,0.7626375485583068,0.20048558339476585,0.9004598783225066,0.9257182538981482,135,0.2143460069783032,0.020618030970746822,0.6979074075299053,0.2777975732629949,0.770148748458065,0.888069988544138,135,0.5950000901557189,0.682793186835049,0.8066388188879945,0.29841560450467197,0.7853753815107027,0.6948106986262541
136,0.0135894070554059,0.7628958669477959,0.19360935222357512,0.9076232390070413,0.9258725385827616,136,0.20719876000657678,0.020620079406283118,0.6956903318449891,0.2741697127168829,0.7746346585647897,0.8883394451017543,136,0.5927981732422243,0.687211095275725,0.8066120781806712,0.29478979056531734,0.7862214785038444,0.6955404488995401
137,0.013497453583113384,0.7603892301016311,0.19104037433862686,0.9100182197816674,0.9270297546816774,137,0.2045378282200545,0.021101118962873113,0.6909488899432947,0.27802810777317394,0.7602489576286119,0.8865097062515997,137,0.5892431578266769,0.6716829750903456,0.80492701257723,0.2991292270747098,0.779235851274502,0.6886177151647508
138,0.01343530860322062,0.7596553510041035,0.18844584468752146,0.9066092380703247,0.926595276282928,138,0.20188115420751274,0.020559090037237514,0.6933911952894316,0.27633292891762473,0.7686928421491516,0.8908490774716789,138,0.5907611262310174,0.680625781032411,0.8105314141402765,0.296892019293525,0.7843110383034206,0.693972773801235
139,0.013355803392187227,0.7663318642743302,0.18703508097678423,0.9090313682487894,0.9275516924448551,139,0.20039088441990316,0.0201379233463244,0.6927297512492765,0.27245145711031826,0.7684125547459445,0.8918681001913688,139,0.5897464910110883,0.6796152690716731,0.8118354524701505,0.29258937727321277,0.7843368020621965,0.6937324041843039
140,0.013353952934267,0.7650818164683065,0.1876226980239153,0.9081573663265928,0.9288051475535027,140,0.2009766511619091,0.020688081194053996,0.6869358273431636,0.2758945031599565,0.7599432774592665,0.8921904561494826,140,0.5834456143244003,0.6708540403786293,0.812169493474819,0.29658258774063806,0.7796898536506376,0.6888230493926163
141,0.012664418980421033,0.768313713626056,0.1757156252861023,0.9140952321522312,0.9300396572709879,141,0.18838004488497972,0.0208609323609959,0.6879682390935556,0.2743844281543385,0.7652690028333091,0.8893874850234577,141,0.5838283394033087,0.6751552196379358,0.8082108452078459,0.2952453591606834,0.7808749089834408,0.6890648014163635
142,0.01284605592081789,0.7659349552012072,0.18040055874735117,0.9135674084907102,0.9293885999871218,142,0.19324661465361714,0.020627949793230405,0.6948632677758405,0.27117074728012086,0.7671862711442218,0.88968963848961,142,0.5915508257083741,0.6787772509213693,0.8088769471805896,0.29179869348352605,0.7839130591365574,0.6930683412701111
143,0.012850646337028593,0.7829871576354364,0.18299833964556456,0.9155792791824962,0.9307807994623485,143,0.19584898720495403,0.020809375088323246,0.6902319325511799,0.27441891865296797,0.7625101715064078,0.8879171775187794,143,0.586993250413168,0.6719161736311107,0.8056262433487572,0.2952282948927446,0.7802197605254557,0.6881785557976786
144,0.012640676599403378,0.780028495345374,0.18045228347182274,0.91461622652846,0.9301708440755903,144,0.1930929603986442,0.021596677465872332,0.6704257966144656,0.2767816034230319,0.7575050630076586,0.8887576324875058,144,0.5649701777839318,0.6679469619030785,0.807348310466689,0.29837828115983445,0.7722294973698767,0.6800884833845663
145,0.01282562647247687,0.7689230922708047,0.17863580398261547,0.9133351814990917,0.929507811118807,145,0.19146143039688468,0.021180737086317757,0.6897878152061026,0.27307878190820867,0.7606118419271172,0.8895360849587494,145,0.5869515633279234,0.6705384632666528,0.8086443683069953,0.29425951892679386,0.779978580697323,0.6887114649671905
146,0.012533752247691154,0.7704698322879643,0.17434367630630732,0.9149027561635898,0.9306212950098887,146,0.18687742727342993,0.021154506233605472,0.6903478006894492,0.27051994041963057,0.7665915602840425,0.8887776303706895,146,0.5870031708252964,0.6779996275988057,0.8080340290699465,0.2916744459759105,0.7819056637813938,0.6910122758313495
147,0.01282240785076283,0.7735761959825449,0.1800873801112175,0.909573757663864,0.9289882378970412,147,0.1929097882239148,0.020967337015000257,0.6852770359687204,0.27187422839078035,0.7569150019010549,0.8880798214176038,147,0.5831320908759067,0.6665539148336014,0.8068129510315298,0.2928415672345595,0.7767572864291262,0.6854996522470126
148,0.012516314760432579,0.7802432564810243,0.1764808353036642,0.9154119617482346,0.930225889662077,148,0.1889971501659602,0.021268737045201387,0.6933796281537081,0.2679232315583663,0.7651616384107792,0.8880507229220448,148,0.5905493450548125,0.6759620566098367,0.8068997573259005,0.2891919710419395,0.7821973298288439,0.6911370529968499
149,0.012632402242161334,0.773271233192017,0.174852030351758,0.9162103376021792,0.9299338102359982,149,0.18748443317599595,0.02080332961949435,0.6904051165989878,0.26925227208571,0.7663757427842218,0.8888605145385672,149,0.5864074763462055,0.6762726788974183,0.8076893231948113,0.2900556022470648,0.7818804579739256,0.6901231594794783
150,0.012557012334582396,0.7773011048739583,0.1729793231934309,0.9151195850947319,0.9301939588090807,150,0.18553633545525372,0.021210649880495938,0.6902309043277658,0.2716181863437999,0.7634947358221801,0.8884877128712121,150,0.5871853910644724,0.6742043733350875,0.8073501459018143,0.2928288373080167,0.7807377843403859,0.6895799701004582
